url,length,dotCount,slashCount,numberCount,underscoreCount,hyphenCount,ampersandCount,equalCount,status
kinsloglasswall.com,19,1,0,0,0,0,0,0,phish
zooplaneta.sumy.ua,18,2,0,0,0,0,0,0,phish
aussiehydrovac.staginghost.com.au,33,3,0,0,0,0,0,0,phish
guneva.net,10,1,0,0,0,0,0,0,phish
reg-playiing.byethost11.com,27,2,0,2,0,1,0,0,phish
tehdetali.com,13,1,0,0,0,0,0,0,phish
j.mp,4,1,0,0,0,0,0,0,phish
susan21.5gbfree.com,19,2,0,3,0,0,0,0,phish
suports9.5gbfree.com,20,2,0,2,0,0,0,0,phish
jhcobasydney.org.au,19,2,0,0,0,0,0,0,phish
zy0570.cn,9,1,0,4,0,0,0,0,phish
5starbball.tv,13,1,0,1,0,0,0,0,phish
close1.5gbfree.com,18,2,0,2,0,0,0,0,phish
loucurawalmrt.com.br,20,2,0,0,0,0,0,0,phish
matchvision.net,15,1,0,0,0,0,0,0,phish
affirmwelding.wmehost.com,25,2,0,0,0,0,0,0,phish
daltonsmachines.com,19,1,0,0,0,0,0,0,phish
holiday-rentcar.com,19,1,0,0,0,1,0,0,phish
leadtrust.cn,12,1,0,0,0,0,0,0,phish
mechanicsburgeye.com,20,1,0,0,0,0,0,0,phish
dstvinstallationsboksburg.co.za,31,2,0,0,0,0,0,0,phish
triff.com.br,12,2,0,0,0,0,0,0,phish
ccappal.org,11,1,0,0,0,0,0,0,phish
211.167.99.12,13,3,0,10,0,0,0,0,phish
pypl-webobjects.com,19,1,0,0,0,1,0,0,phish
supremecatalysts.com,20,1,0,0,0,0,0,0,phish
webmilbx.esy.es,15,2,0,0,0,0,0,0,phish
ukfostering.org.uk,18,2,0,0,0,0,0,0,phish
batas.upnyk.ac.id,17,3,0,0,0,0,0,0,phish
flowersonthecobbles.co.uk,25,2,0,0,0,0,0,0,phish
aleciabanks.com,15,1,0,0,0,0,0,0,phish
igeo.co.id,10,2,0,0,0,0,0,0,phish
refillprinterlaser.com,22,1,0,0,0,0,0,0,phish
reachoutforschools.org,22,1,0,0,0,0,0,0,phish
desimonepartners.com,20,1,0,0,0,0,0,0,phish
4media.gr,9,1,0,1,0,0,0,0,phish
bbarreiro.com,13,1,0,0,0,0,0,0,phish
tuid.org.ua,11,2,0,0,0,0,0,0,phish
aaih.be,7,1,0,0,0,0,0,0,phish
a53c5128c69f00815562092d3573423fac671238.google.comdrive.com,60,3,0,32,0,0,0,0,phish
hothotclip.ga,13,1,0,0,0,0,0,0,phish
recovery.co.uk34.altervista.org,31,4,0,2,0,0,0,0,phish
pyplinfo.com,12,1,0,0,0,0,0,0,phish
quick-menus.com,15,1,0,0,0,1,0,0,phish
wzzalntmnm.metrolevante.com,27,2,0,0,0,0,0,0,phish
message-code-ca-poker.gwchost.com,33,2,0,0,0,3,0,0,phish
paypa1services.cf,17,1,0,1,0,0,0,0,phish
zararmebo.eu,12,1,0,0,0,0,0,0,phish
clashatclairemont.com,21,1,0,0,0,0,0,0,phish
seowptemplate.com,17,1,0,0,0,0,0,0,phish
yelkentyapi.com,15,1,0,0,0,0,0,0,phish
andriy-koval.com,16,1,0,0,0,1,0,0,phish
myinsureauto.com,16,1,0,0,0,0,0,0,phish
pcaction.org,12,1,0,0,0,0,0,0,phish
bit.ly,6,1,0,0,0,0,0,0,phish
docment.5gbfree.com,19,2,0,1,0,0,0,0,phish
bitly.com,9,1,0,0,0,0,0,0,phish
recove12.5gbfree.com,20,2,0,3,0,0,0,0,phish
human-consulting.at,19,1,0,0,0,1,0,0,phish
kevindeeveyarchitect.com,24,1,0,0,0,0,0,0,phish
payp4l.com,10,1,0,1,0,0,0,0,phish
gestionautoecole.com,20,1,0,0,0,0,0,0,phish
hsatecnologia.com,17,1,0,0,0,0,0,0,phish
catalogo.far.bo.it,18,3,0,0,0,0,0,0,phish
ccl.librosdelau.com,19,2,0,0,0,0,0,0,phish
carolinebergeriksen.no,22,1,0,0,0,0,0,0,phish
spirulina.cl,12,1,0,0,0,0,0,0,phish
carlonitires.com,16,1,0,0,0,0,0,0,phish
rcevents.co.za,14,2,0,0,0,0,0,0,phish
villanickolas.gr,16,1,0,0,0,0,0,0,phish
q7zayiflama.org,15,1,0,1,0,0,0,0,phish
client-webomega.com.br,22,2,0,0,0,1,0,0,phish
alidenizsever.com,17,1,0,0,0,0,0,0,phish
multimeios.pt,13,1,0,0,0,0,0,0,phish
ywamne.org,10,1,0,0,0,0,0,0,phish
idlelive.com.com,16,2,0,0,0,0,0,0,phish
insahouse.dothome.co.kr,23,3,0,0,0,0,0,0,phish
ahtuttle.com,12,1,0,0,0,0,0,0,phish
rotier-moto.com,15,1,0,0,0,1,0,0,phish
screets.5gbfree.com,19,2,0,1,0,0,0,0,phish
welkom.000a.biz,15,2,0,3,0,0,0,0,phish
ow.ly,5,1,0,0,0,0,0,0,phish
ducom.com.ar,12,2,0,0,0,0,0,0,phish
olievendevass.org.za,20,2,0,0,0,0,0,0,phish
mail.imago.pt,13,2,0,0,0,0,0,0,phish
wedrupal.com,12,1,0,0,0,0,0,0,phish
serwis.208.pl,13,2,0,3,0,0,0,0,phish
amazing-skincare.nl,19,1,0,0,0,1,0,0,phish
bit.ly,6,1,0,0,0,0,0,0,phish
seasidevillagenorthbeach.com,28,1,0,0,0,0,0,0,phish
115.119.138.247,15,3,0,12,0,0,0,0,phish
tinyurl.com,11,1,0,0,0,0,0,0,phish
ponyairset.com,14,1,0,0,0,0,0,0,phish
looksenhance.co.in,18,2,0,0,0,0,0,0,phish
greensurvival.com.au,20,2,0,0,0,0,0,0,phish
leadgadget.com,14,1,0,0,0,0,0,0,phish
ambikamedical.in,16,1,0,0,0,0,0,0,phish
photographyboom.com,19,1,0,0,0,0,0,0,phish
centrobamboo.cl,15,1,0,0,0,0,0,0,phish
bit.ly,6,1,0,0,0,0,0,0,phish
hp.verifica.uifcrsknwu.jtorrent.com,35,4,0,0,0,0,0,0,phish
onedrive.live.com.com,21,3,0,0,0,0,0,0,phish
chase.com-trgn.logn.rbg.true.initiate-log-on.tss77.com,54,7,0,2,0,3,0,0,phish
prorrogado-walmart.com.zz.mu,28,3,0,0,0,1,0,0,phish
doorhan.waw.pl,14,2,0,0,0,0,0,0,phish
nddyedutours.com,16,1,0,0,0,0,0,0,phish
apple.comverify.us,18,2,0,0,0,0,0,0,phish
multcrass.esy.es,16,2,0,0,0,0,0,0,phish
secure75.securewebsession.com,29,2,0,2,0,0,0,0,phish
brindescadastrais.com,21,1,0,0,0,0,0,0,phish
zingardens.ca,13,1,0,0,0,0,0,0,phish
programa-fidelidade-novo.com,28,1,0,0,0,2,0,0,phish
itau.compersonal.com,20,2,0,0,0,0,0,0,phish
atualizadosbemelhor.webatu.com,30,2,0,0,0,0,0,0,phish
ehapalsury.vzrjd.ga,19,2,0,0,0,0,0,0,phish
aasoftware.in,13,1,0,0,0,0,0,0,phish
sonce.slap.si,13,2,0,0,0,0,0,0,phish
ctekcenter.com,14,1,0,0,0,0,0,0,phish
topcraigslist.org.org,21,2,0,0,0,0,0,0,phish
bit.ly,6,1,0,0,0,0,0,0,phish
recomendoseucadastro.netai.net,30,2,0,0,0,0,0,0,phish
superbemmasfacileseguro.vai.la,30,2,0,0,0,0,0,0,phish
service-technique-formule.net,29,1,0,0,0,2,0,0,phish
goo.gl,6,1,0,0,0,0,0,0,phish
iceboxliquor.com.au,19,2,0,0,0,0,0,0,phish
verifica.mkgvvyyskk.atomitrans.com,34,3,0,0,0,0,0,0,phish
104.46.55.66,12,3,0,9,0,0,0,0,phish
remove-message-code-ca-zynga.com-poker.co.nf,44,3,0,0,0,5,0,0,phish
remove-code-ca.co.nf,20,2,0,0,0,2,0,0,phish
cleanenergycapitalllc.com,25,1,0,0,0,0,0,0,phish
smartcarpetcare.net,19,1,0,0,0,0,0,0,phish
use1402.5gbfree.com,19,2,0,5,0,0,0,0,phish
66.7.221.152,12,3,0,9,0,0,0,0,phish
tinyurl.com,11,1,0,0,0,0,0,0,phish
odunluzikkim.com,16,1,0,0,0,0,0,0,phish
scooterdeck.com.au,18,2,0,0,0,0,0,0,phish
update1.scsjhealthcare.com,26,2,0,1,0,0,0,0,phish
oranjvm.nl,10,1,0,0,0,0,0,0,phish
bit.ly,6,1,0,0,0,0,0,0,phish
1drv.ms,7,1,0,1,0,0,0,0,phish
betoncam.it,11,1,0,0,0,0,0,0,phish
pixella.org,11,1,0,0,0,0,0,0,phish
182.18.162.2,12,3,0,9,0,0,0,0,phish
verifica.vkmcusxxsf.atomitrans.com,34,3,0,0,0,0,0,0,phish
sannerudcollision.com,21,1,0,0,0,0,0,0,phish
ariensofttech.com,17,1,0,0,0,0,0,0,phish
baiguide.com,12,1,0,0,0,0,0,0,phish
216.172.172.45,14,3,0,11,0,0,0,0,phish
computer.ieee-tsec.org,22,2,0,0,0,1,0,0,phish
n8f2n28as-autotradr.com,23,1,0,4,0,1,0,0,phish
tvandmediaschool.com,20,1,0,0,0,0,0,0,phish
operapastacafe.com,18,1,0,0,0,0,0,0,phish
allaccaccessrestore.be,22,1,0,0,0,0,0,0,phish
alldodirect.be,14,1,0,0,0,0,0,0,phish
musicdanceart.com,17,1,0,0,0,0,0,0,phish
atiutanfuto.hu,14,1,0,0,0,0,0,0,phish
outl0owebhelp.jimdo.com,23,2,0,1,0,0,0,0,phish
hashvarsani.com,15,1,0,0,0,0,0,0,phish
alzadmd.com,11,1,0,0,0,0,0,0,phish
nfilzsec.tk,11,1,0,0,0,0,0,0,phish
maaamaisllcomaaaol.com.esy.es,29,3,0,0,0,0,0,0,phish
radhakrishnaplywood.com,23,1,0,0,0,0,0,0,phish
durtools.com,12,1,0,0,0,0,0,0,phish
gsbs.esy.es,11,2,0,0,0,0,0,0,phish
hktop-link.com,14,1,0,0,0,1,0,0,phish
rezhna.net,10,1,0,0,0,0,0,0,phish
store.steampowered.com-wallet-money.com,39,3,0,0,0,2,0,0,phish
hidraumak.com.br,16,2,0,0,0,0,0,0,phish
tinyurl.com,11,1,0,0,0,0,0,0,phish
artemusgroupusa.com,19,1,0,0,0,0,0,0,phish
1drv.ms,7,1,0,1,0,0,0,0,phish
fuzoku.paaw.info,16,2,0,0,0,0,0,0,phish
bizzsolution.com,16,1,0,0,0,0,0,0,phish
tinyurl.com,11,1,0,0,0,0,0,0,phish
superclubemaster.com,20,1,0,0,0,0,0,0,phish
onedrive.live.com.com,21,3,0,0,0,0,0,0,phish
kregoslup.org,13,1,0,0,0,0,0,0,phish
mafkhj.ir,9,1,0,0,0,0,0,0,phish
ia801505.us.archive.org,23,3,0,6,0,0,0,0,phish
martyniland.com,15,1,0,0,0,0,0,0,phish
69.183.32.121,13,3,0,10,0,0,0,0,phish
hyperrichenterprise.com,23,1,0,0,0,0,0,0,phish
paypal.comlimeited.com.cgi.bin.merchantpaymentweb.cmd.flowsession.05swpbtr7led4t7qtu1lzvqsevbd7tlnbmccsakt.zhjstqojh1sgkm5ruydispatch.50a222a57771920b6a3d7b606239e.vqsevbd7tlnbmccsaktmn.informatiion.com,202,13,0,32,0,0,0,0,phish
poste.it.3pe2JoEtOXOZ4E1Vq2icSX3qupXPH5Hw.ZmoiQtRfGf5AkvVQm5t6RlmBR0RZ5ZMT.B13SjKxqsqQeChH7QCN3pPKogj7v48mv.QL7E2mwi4RkaYhrbujGAuvhTUdENbr0r.37vuiSc143ObkqLJxM4itN4NSGo0GW3C.ppcomit.com,185,8,0,32,0,0,0,0,phish
linuxsolutions.org.in,21,2,0,0,0,0,0,0,phish
costaverdeestates.com,21,1,0,0,0,0,0,0,phish
162.251.84.58,13,3,0,10,0,0,0,0,phish
canadianrugs.com,16,1,0,0,0,0,0,0,phish
sharmansbutchery.com.au,23,2,0,0,0,0,0,0,phish
luxorhomes4sale.com,19,1,0,1,0,0,0,0,phish
facebook.comvivn.com,20,2,0,0,0,0,0,0,phish
sinhtulenh.net,14,1,0,0,0,0,0,0,phish
betsin.ro,9,1,0,0,0,0,0,0,phish
unitubos.com,12,1,0,0,0,0,0,0,phish
longwhitedress.org,18,1,0,0,0,0,0,0,phish
poste.it.5cLzQzUFTWd296KsLxPAiZhDqDOejo6e.HGTX7ncQ06H82SqDG7DoWlsCo7hOldsk.BFhpiyod6mUOSXVPbAlDsnrpL7Qo9PqE.wVmkAGgmbv6zHKQHvT1ZBfl8wQmvfS1S.oc3ojZRAKNzRYGZKaQkcwLaicCU8VKP0.ppcomit.com,185,8,0,22,0,0,0,0,phish
poste.it.yca0eiwjtd0uw2mytcgf1tep8or3zjgo.l7ngfkqydqsah6y1y57oa5lplefkktwh.84mhjblauchp1yevvs0wmlbypg91qvxn.oavybxovzvbpkfbfyb2am4zbaxrqjp5n.pbqcpcb4smztrnujo7ddy42qkaveoakp.ppcomit.com,185,8,0,25,0,0,0,0,phish
poste.it.VWZ74PrDKrlvkHsm13dl7TeEetWZtzwF.MBFbtIlauXA2Gns9HT6ayA6hWVRLHWXT.YdvIlXiVujN1N7zUPuvEvrmHC4TJQrdp.KOywmWIX7WNKSDeiyQmj8Or0IBJZsmF4.24qdQy1NKEXcH2B7InfF3MFBOb72g1sa.ppcomit.com,185,8,0,25,0,0,0,0,phish
dungeonrampage.net,18,1,0,0,0,0,0,0,phish
boracaygarden.com,17,1,0,0,0,0,0,0,phish
report-page-system-inc.hol.es,29,2,0,0,0,3,0,0,phish
gerardoreyes.mx,15,1,0,0,0,0,0,0,phish
weeride.pt,10,1,0,0,0,0,0,0,phish
paypal.com.com.validation.securesession.net,43,5,0,0,0,0,0,0,phish
projetorestaurandovidas.com.br,30,2,0,0,0,0,0,0,phish
tinyurl.com,11,1,0,0,0,0,0,0,phish
service-safety.wc.lt,20,2,0,0,0,1,0,0,phish
j.mp,4,1,0,0,0,0,0,0,phish
boletoexpressbr.com,19,1,0,0,0,0,0,0,phish
bit.ly,6,1,0,0,0,0,0,0,phish
rudratechnoserve.com,20,1,0,0,0,0,0,0,phish
pp1.vommihosting.com,20,2,0,1,0,0,0,0,phish
myonlinemediakit.com,20,1,0,0,0,0,0,0,phish
notification-paypal.com-co-uk.vommihosting.com,46,3,0,0,0,3,0,0,phish
actosguesthouse.com,19,1,0,0,0,0,0,0,phish
kashitu.cl,10,1,0,0,0,0,0,0,phish
gemeentezoekgids.nl,19,1,0,0,0,0,0,0,phish
ms1.spanchalhosting.com,23,2,0,1,0,0,0,0,phish
notice-esecur.com,17,1,0,0,0,1,0,0,phish
heart2heart.net,15,1,0,1,0,0,0,0,phish
193.34.8.10,11,3,0,8,0,0,0,0,phish
s.dropcanvas.com,16,2,0,0,0,0,0,0,phish
dropcanvas.com,14,1,0,0,0,0,0,0,phish
superhumangym.com,17,1,0,0,0,0,0,0,phish
superstarnimi.com,17,1,0,0,0,0,0,0,phish
currently.name,14,1,0,0,0,0,0,0,phish
ptqualityfurs.com,17,1,0,0,0,0,0,0,phish
id8-app.com,11,1,0,1,0,1,0,0,phish
apple.comid.apple.com.co.uk.cgi-bin.webobjects.myapple.comid.woa.verify3.id8-app.com,84,13,0,2,0,2,0,0,phish
id9-app.net,11,1,0,1,0,1,0,0,phish
portalnutricional.com,21,1,0,0,0,0,0,0,phish
communicationmarketingcr.com,28,1,0,0,0,0,0,0,phish
nutrisportx.com,15,1,0,0,0,0,0,0,phish
blacklabeladvisory.com,22,1,0,0,0,0,0,0,phish
103.29.216.67,13,3,0,10,0,0,0,0,phish
paypal.com.de-konto-2019x88-verifizierung.de,44,3,0,6,0,3,0,0,phish
bit.ly,6,1,0,0,0,0,0,0,phish
files.nyu.edu,13,2,0,0,0,0,0,0,phish
alomni.com,10,1,0,0,0,0,0,0,phish
responsibility.name,19,1,0,0,0,0,0,0,phish
marcinkorona.qouag.ga,21,2,0,0,0,0,0,0,phish
mailer.cl.tripod.com,20,3,0,0,0,0,0,0,phish
bulldoglawgroup.com,19,1,0,0,0,0,0,0,phish
atakanyaglikci.com,18,1,0,0,0,0,0,0,phish
google.com-promotion.gp2015.com,31,3,0,4,0,1,0,0,phish
lagani.ru,9,1,0,0,0,0,0,0,phish
craihhagslist.us,16,1,0,0,0,0,0,0,phish
hurry-fox.ru,12,1,0,0,0,1,0,0,phish
upgrade-wellsfargo.com,22,1,0,0,0,1,0,0,phish
rtrader-sms-id837243.com,24,1,0,6,0,2,0,0,phish
item-49872378212-cgi3.tk,24,1,0,12,0,2,0,0,phish
secured-www-paypal.com-com.starliteinfotech.com,47,3,0,0,0,3,0,0,phish
asnschool.org,13,1,0,0,0,0,0,0,phish
vddefvr614591427168836417465891897710.saudipsych.org,52,2,0,30,0,0,0,0,phish
onlinevisa.comverificazione.org,31,2,0,0,0,0,0,0,phish
nadg.com.pl,11,2,0,0,0,0,0,0,phish
maximizer90.com,15,1,0,2,0,0,0,0,phish
marutimsm.com,13,1,0,0,0,0,0,0,phish
amazondevice.org,16,1,0,0,0,0,0,0,phish
clientes.rabie.cl,17,2,0,0,0,0,0,0,phish
oaflworld.com,13,1,0,0,0,0,0,0,phish
lookocnaoptika.com,18,1,0,0,0,0,0,0,phish
elgueguensesa.com,17,1,0,0,0,0,0,0,phish
protectyourself.ansarifabrication.in,36,2,0,0,0,0,0,0,phish
gator4044.hostgator.com,23,2,0,4,0,0,0,0,phish
fb.com.accounts.login.userid.399729.4jfkc.com,45,7,0,7,0,0,0,0,phish
latokatojato.ludimax.pt,23,2,0,0,0,0,0,0,phish
readycutnt.com.au,17,2,0,0,0,0,0,0,phish
summary.update.activation.edge-paypal.com.secure.acces.17551.e-teise.net,72,9,0,5,0,2,0,0,phish
qianxiangge.com,15,1,0,0,0,0,0,0,phish
icsteachers.com,15,1,0,0,0,0,0,0,phish
irallcpartner.com,17,1,0,0,0,0,0,0,phish
apple.comid.apple.com.co.uk.cgi-bin.webobjects.myapple.comid.woa.verify7.mysrv-id1.co.uk,88,14,0,2,0,2,0,0,phish
cgi.ebay.co.uk.itm.1807686839904.in.pr3ocess463573543sf534675x000.xml.config.overview.luxury-timepiece.com,106,12,0,32,0,1,0,0,phish
200.48.84.13,12,3,0,9,0,0,0,0,phish
kleinanzeigen.ebay.de.anzeigens.info,36,4,0,0,0,0,0,0,phish
conceptdevelopers.com,21,1,0,0,0,0,0,0,phish
b4db4d.com,10,1,0,2,0,0,0,0,phish
brazilxchange.com,17,1,0,0,0,0,0,0,phish
recovery.co.uk-pages-message-inc.zz.mu,38,4,0,0,0,3,0,0,phish
downhillmexico.org,18,1,0,0,0,0,0,0,phish
rodandtania.com.au,18,2,0,0,0,0,0,0,phish
paypal.com.com-verification.info,32,3,0,0,0,1,0,0,phish
meine.deutsche312725de.reviewuswp.com,37,3,0,6,0,0,0,0,phish
click-here-tocacel.a-acheter.org,32,2,0,0,0,3,0,0,phish
cs.lkpfc.com,12,2,0,0,0,0,0,0,phish
perfotest.cl,12,1,0,0,0,0,0,0,phish
minimalist.sg,13,1,0,0,0,0,0,0,phish
allstarglobal.ca,16,1,0,0,0,0,0,0,phish
1clickappliances.com,20,1,0,1,0,0,0,0,phish
servicesservices.optioonlines.eu,32,2,0,0,0,0,0,0,phish
sntfgroup.in,12,1,0,0,0,0,0,0,phish
deshtraveltours.com,19,1,0,0,0,0,0,0,phish
boattrailer.biz,15,1,0,0,0,0,0,0,phish
valhalabar.com,14,1,0,0,0,0,0,0,phish
shabbamusic.com,15,1,0,0,0,0,0,0,phish
casasdosol.cv,13,1,0,0,0,0,0,0,phish
memnahyaho.wildcitymedia.com,28,2,0,0,0,0,0,0,phish
soltec.co.na,12,2,0,0,0,0,0,0,phish
coinresearch.org,16,1,0,0,0,0,0,0,phish
pointcorporation.com.br,23,2,0,0,0,0,0,0,phish
sch90.hol.es,12,2,0,2,0,0,0,0,phish
scrollingss.co.uk,17,2,0,0,0,0,0,0,phish
p9.secure.hostingprod.com,25,3,0,1,0,0,0,0,phish
117.218.50.83,13,3,0,10,0,0,0,0,phish
himalayanecolodges.com,22,1,0,0,0,0,0,0,phish
korvcashen.se,13,1,0,0,0,0,0,0,phish
supportwebsec.com,17,1,0,0,0,0,0,0,phish
editurauranus.ro,16,1,0,0,0,0,0,0,phish
editurauranus.ro,16,1,0,0,0,0,0,0,phish
editurauranus.ro,16,1,0,0,0,0,0,0,phish
editurauranus.ro,16,1,0,0,0,0,0,0,phish
topicapharma.com,16,1,0,0,0,0,0,0,phish
onlinevisa.comverified.com,26,2,0,0,0,0,0,0,phish
twinwealth.com.my,17,2,0,0,0,0,0,0,phish
clientespersonalescambio.com,28,1,0,0,0,0,0,0,phish
orange.com.fr.yzstp.com,23,4,0,0,0,0,0,0,phish
ghorbnooh.ir,12,1,0,0,0,0,0,0,phish
brunopublicidades.com.br,24,2,0,0,0,0,0,0,phish
peacefultheme.com,17,1,0,0,0,0,0,0,phish
bonsenhorarcanjo.com,20,1,0,0,0,0,0,0,phish
update-paypal.com-securite.cafes-julie.com,42,3,0,0,0,3,0,0,phish
setting0001.zz.mu,17,2,0,4,0,0,0,0,phish
spyfanclub.com,14,1,0,0,0,0,0,0,phish
a1abs.wmehost.com,17,2,0,1,0,0,0,0,phish
corruptnj.com,13,1,0,0,0,0,0,0,phish
tinyurl.com,11,1,0,0,0,0,0,0,phish
zenworld.ro,11,1,0,0,0,0,0,0,phish
bbxmail.gdoc.sercelinsaat.com,29,3,0,0,0,0,0,0,phish
q11ox8gbp02r.az.pl,18,2,0,5,0,0,0,0,phish
skyritmetal.com,15,1,0,0,0,0,0,0,phish
tb.altervista.org,17,2,0,0,0,0,0,0,phish
inow.co.nz,10,2,0,0,0,0,0,0,phish
mutilvamotocenter.com,21,1,0,0,0,0,0,0,phish
videox-hot-2015.cf,18,1,0,4,0,2,0,0,phish
politigo.com,12,1,0,0,0,0,0,0,phish
santuariodocorpo.com.br,23,2,0,0,0,0,0,0,phish
ecocareonline.com,17,1,0,0,0,0,0,0,phish
energia-globale.com,19,1,0,0,0,1,0,0,phish
cidonline.ca,12,1,0,0,0,0,0,0,phish
hsge.net.cn,11,2,0,0,0,0,0,0,phish
89.75.129.89,12,3,0,9,0,0,0,0,phish
mlmblogbasics.com,17,1,0,0,0,0,0,0,phish
czescimondeo.pl,15,1,0,0,0,0,0,0,phish
70.60.81.101,12,3,0,9,0,0,0,0,phish
176.67.172.253,14,3,0,11,0,0,0,0,phish
rvtd1-newmsg.com,16,1,0,1,0,1,0,0,phish
formsigorta.com,15,1,0,0,0,0,0,0,phish
pp-de-support.net,17,1,0,0,0,2,0,0,phish
pesantrenwisata.com,19,1,0,0,0,0,0,0,phish
naszalyse.hu,12,1,0,0,0,0,0,0,phish
sh195404.website.pl,19,2,0,6,0,0,0,0,phish
emcsinc.com,11,1,0,0,0,0,0,0,phish
melabes-shops.co.il,19,2,0,0,0,1,0,0,phish
docservices.eu,14,1,0,0,0,0,0,0,phish
servicesservicesnames.docservices.eu,36,2,0,0,0,0,0,0,phish
vitraris.cat,12,1,0,0,0,0,0,0,phish
bogdancantaragiu.ro,19,1,0,0,0,0,0,0,phish
fitze-sexi.net,14,1,0,0,0,1,0,0,phish
icloudadministration.org,24,1,0,0,0,0,0,0,phish
karritz.com,11,1,0,0,0,0,0,0,phish
tekbasinsaat.com,16,1,0,0,0,0,0,0,phish
sh195286.website.pl,19,2,0,6,0,0,0,0,phish
furnitureaustintx.com,21,1,0,0,0,0,0,0,phish
codem.qc.ca,11,2,0,0,0,0,0,0,phish
rawrecipesonline.com,20,1,0,0,0,0,0,0,phish
evinco.it,9,1,0,0,0,0,0,0,phish
747games.com:,13,1,0,3,0,0,0,0,phish
elmanitasdevigo.com,19,1,0,0,0,0,0,0,phish
docssx.com,10,1,0,0,0,0,0,0,phish
sarniagroup.imageserver2.co.uk,30,3,0,1,0,0,0,0,phish
zdewilde.createandlearn.eu,26,2,0,0,0,0,0,0,phish
creativecollectivefortworth.com,31,1,0,0,0,0,0,0,phish
web56.mis28.de,14,2,0,4,0,0,0,0,phish
conquistador.de,15,1,0,0,0,0,0,0,phish
vansshoessale.org,17,1,0,0,0,0,0,0,phish
209.160.41.126,14,3,0,11,0,0,0,0,phish
flardy.free.fr,14,2,0,0,0,0,0,0,phish
indigohouse.com.au,18,2,0,0,0,0,0,0,phish
osadazamkowa.pl,15,1,0,0,0,0,0,0,phish
chollogafa.es,13,1,0,0,0,0,0,0,phish
x.co,4,1,0,0,0,0,0,0,phish
evinco.it,9,1,0,0,0,0,0,0,phish
ranchovillareal.com,19,1,0,0,0,0,0,0,phish
younowvideos.com,16,1,0,0,0,0,0,0,phish
gpdentalkrny.com,16,1,0,0,0,0,0,0,phish
ow.ly,5,1,0,0,0,0,0,0,phish
buytvdirect.com,15,1,0,0,0,0,0,0,phish
gzxwzx.com,10,1,0,0,0,0,0,0,phish
biz.picpong.co.il,17,3,0,0,0,0,0,0,phish
greatexplorerssafaris.com,25,1,0,0,0,0,0,0,phish
secure-money-service.com,24,1,0,0,0,2,0,0,phish
auto-care.co.za,15,2,0,0,0,1,0,0,phish
ladybirdbakes.co.uk,19,2,0,0,0,0,0,0,phish
adcontact.co.uk,15,2,0,0,0,0,0,0,phish
documentshares-google.comappsverify.rhcloud.com,47,3,0,0,0,1,0,0,phish
sexyzebras.com,14,1,0,0,0,0,0,0,phish
tsb.co.uk-official.net,22,3,0,0,0,1,0,0,phish
harveymackayjobsearchsecrets.com,32,1,0,0,0,0,0,0,phish
h-t.it,6,1,0,0,0,1,0,0,phish
shawisraelizikson.info,22,1,0,0,0,0,0,0,phish
hostbristol.customerdev.co.uk,29,3,0,0,0,0,0,0,phish
vanin.pro,9,1,0,0,0,0,0,0,phish
66.7.192.164,12,3,0,9,0,0,0,0,phish
zennaturalremedies.com,22,1,0,0,0,0,0,0,phish
92.223.191.8,12,3,0,9,0,0,0,0,phish
custercountyfairconcert.com,27,1,0,0,0,0,0,0,phish
churchandmission.org,20,1,0,0,0,0,0,0,phish
brilliancenewyork.com,21,1,0,0,0,0,0,0,phish
paypal.com.cumslabescsanatos.ro,31,3,0,0,0,0,0,0,phish
ipaypaal.net,12,1,0,0,0,0,0,0,phish
ipaypaal.com,12,1,0,0,0,0,0,0,phish
bibleministriesnetwork.com,26,1,0,0,0,0,0,0,phish
paypaal.it,10,1,0,0,0,0,0,0,phish
located-devices.com,19,1,0,0,0,1,0,0,phish
miss-understood.net,19,1,0,0,0,1,0,0,phish
inviteface.com,14,1,0,0,0,0,0,0,phish
akademiabambino.pl,18,1,0,0,0,0,0,0,phish
moldseal.us,11,1,0,0,0,0,0,0,phish
teccenter.co.uk,15,2,0,0,0,0,0,0,phish
emobile.com.br,14,2,0,0,0,0,0,0,phish
sh195266.website.pl,19,2,0,6,0,0,0,0,phish
update.your.information.now.with.securiyu.team.spaziostudio.in,62,8,0,0,0,0,0,0,phish
sh195223.website.pl,19,2,0,6,0,0,0,0,phish
demo.ovh.eu,11,2,0,0,0,0,0,0,phish
tahtakopru.com,14,1,0,0,0,0,0,0,phish
viptastw.com,12,1,0,0,0,0,0,0,phish
bit.ly,6,1,0,0,0,0,0,0,phish
goldfruit.com.br,16,2,0,0,0,0,0,0,phish
support-mailweb.info,20,1,0,0,0,1,0,0,phish
sh195086.website.pl,19,2,0,6,0,0,0,0,phish
fotovilag.media.hu,18,2,0,0,0,0,0,0,phish
historicalpublications.co.uk,28,2,0,0,0,0,0,0,phish
lunamarendi.com,15,1,0,0,0,0,0,0,phish
212.92.23.168,13,3,0,10,0,0,0,0,phish
paypoltdc.pe.hu,15,2,0,0,0,0,0,0,phish
3designcenter.com,17,1,0,1,0,0,0,0,phish
eingaben-kontenhinweis.de,25,1,0,0,0,1,0,0,phish
hillarysmc.com,14,1,0,0,0,0,0,0,phish
dinarolacerta.com,17,1,0,0,0,0,0,0,phish
couturealuminium.com,20,1,0,0,0,0,0,0,phish
filesonthe.net,14,1,0,0,0,0,0,0,phish
childcarefirst21years.co.za,27,2,0,2,0,0,0,0,phish
businesswork.world,18,1,0,0,0,0,0,0,phish
weaponedgeindia.com,19,1,0,0,0,0,0,0,phish
fratemobile.net,15,1,0,0,0,0,0,0,phish
blizzard.com-wow-eus-zh.com,27,2,0,0,0,3,0,0,phish
rsagambolo.it,13,1,0,0,0,0,0,0,phish
gz-psycholoog.info,18,1,0,0,0,1,0,0,phish
acclosingoffice.com,19,1,0,0,0,0,0,0,phish
ringtelbd.com,13,1,0,0,0,0,0,0,phish
message-recover.zz.mu,21,2,0,0,0,1,0,0,phish
sh195232.website.pl,19,2,0,6,0,0,0,0,phish
78.129.148.101,14,3,0,11,0,0,0,0,phish
die-lichtbildwerkstatt.com,26,1,0,0,0,1,0,0,phish
art-insight.com.ua,18,2,0,0,0,1,0,0,phish
odaminsankaynaklari.com,23,1,0,0,0,0,0,0,phish
totallyfreeshopping.com,23,1,0,0,0,0,0,0,phish
classe-de-bilhetes.pe.hu,24,2,0,0,0,2,0,0,phish
blogue.vincentfournier.ca,25,2,0,0,0,0,0,0,phish
inover.com.tr,13,2,0,0,0,0,0,0,phish
itvisionsinc.com,16,1,0,0,0,0,0,0,phish
paypal.com-Confirmations.com,28,2,0,0,0,1,0,0,phish
newengdsm.org,13,1,0,0,0,0,0,0,phish
fastupdateservices.wap-ka.com,29,2,0,0,0,1,0,0,phish
heartstrongyoga.com,19,1,0,0,0,0,0,0,phish
bitly.com,9,1,0,0,0,0,0,0,phish
paypal.com-id9912415-conto-clienti.verifica.servicesbahrain.com,63,4,0,7,0,3,0,0,phish
s1029025.crystone.net,21,2,0,7,0,0,0,0,phish
dekanstudio.hu,14,1,0,0,0,0,0,0,phish
rustictradesfurniture.com,25,1,0,0,0,0,0,0,phish
rustictradesfurniture.com,25,1,0,0,0,0,0,0,phish
rustictradesfurniture.com,25,1,0,0,0,0,0,0,phish
rustictradesfurniture.com,25,1,0,0,0,0,0,0,phish
huxuling.com,12,1,0,0,0,0,0,0,phish
menderesaydin.com.tr,20,2,0,0,0,0,0,0,phish
188.212.103.155,15,3,0,12,0,0,0,0,phish
the-eawards.com,15,1,0,0,0,1,0,0,phish
matbig.com,10,1,0,0,0,0,0,0,phish
195.88.16.142,13,3,0,10,0,0,0,0,phish
outlokapp.ezweb123.com,22,2,0,3,0,0,0,0,phish
4funmaster.16mb.com,19,2,0,3,0,0,0,0,phish
ugnug.org,9,1,0,0,0,0,0,0,phish
demetergumus.com,16,1,0,0,0,0,0,0,phish
assetcliche.com,15,1,0,0,0,0,0,0,phish
j.mp,4,1,0,0,0,0,0,0,phish
karya-media.com,15,1,0,0,0,1,0,0,phish
ars.quioc-informatique.fr,25,2,0,0,0,1,0,0,phish
wholesale-star.com,18,1,0,0,0,1,0,0,phish
cocomangas.com,14,1,0,0,0,0,0,0,phish
abitmoore.com,13,1,0,0,0,0,0,0,phish
zyqy.com,8,1,0,0,0,0,0,0,phish
thelatesttestament.com,22,1,0,0,0,0,0,0,phish
vip-manager.com,15,1,0,0,0,1,0,0,phish
billcraingospelministries.com,29,1,0,0,0,0,0,0,phish
toprealitycv.cz,15,1,0,0,0,0,0,0,phish
icloud-lost.tk,14,1,0,0,0,1,0,0,phish
triatlocv.org,13,1,0,0,0,0,0,0,phish
lionsleaguebaseball.com,23,1,0,0,0,0,0,0,phish
theabundancecourse.net,22,1,0,0,0,0,0,0,phish
paypal.com-kudensupport.net,27,2,0,0,0,1,0,0,phish
theabundancecourse.net,22,1,0,0,0,0,0,0,phish
pizzahouse.lv,13,1,0,0,0,0,0,0,phish
kin-tem.com,11,1,0,0,0,1,0,0,phish
itmailconfirmationportal.weebly.com,35,2,0,0,0,0,0,0,phish
facultytystaffaccount.jigsy.com,31,2,0,0,0,0,0,0,phish
web-46.blueweb.co.kr,20,3,0,2,0,1,0,0,phish
recartrg.com.my,15,2,0,0,0,0,0,0,phish
sequinblazer.org,16,1,0,0,0,0,0,0,phish
thefig.com.au,13,2,0,0,0,0,0,0,phish
bronzetto.ro,12,1,0,0,0,0,0,0,phish
trisna-tidung.com,17,1,0,0,0,1,0,0,phish
holtswatches.com,16,1,0,0,0,0,0,0,phish
centrsnab.ru,12,1,0,0,0,0,0,0,phish
electrobotnepal.com,19,1,0,0,0,0,0,0,phish
youthhealthmela.in,18,1,0,0,0,0,0,0,phish
trisna-tidung.com,17,1,0,0,0,1,0,0,phish
tehpromsnab-yug.ru,18,1,0,0,0,1,0,0,phish
s14061.vh.co.ru,15,3,0,5,0,0,0,0,phish
tr.im,5,1,0,0,0,0,0,0,phish
yourinbox.co.uk,15,2,0,0,0,0,0,0,phish
navigate-pages-source.zz.mu,27,2,0,0,0,2,0,0,phish
partaptextiles.com,18,1,0,0,0,0,0,0,phish
apple.comteamcare.eu,20,2,0,0,0,0,0,0,phish
languageexchange.ie,19,1,0,0,0,0,0,0,phish
ice-blended.my,14,1,0,0,0,1,0,0,phish
greatergrace.org,16,1,0,0,0,0,0,0,phish
greatergrace.org,16,1,0,0,0,0,0,0,phish
nuzips.com,10,1,0,0,0,0,0,0,phish
superblackdeofertas.com,23,1,0,0,0,0,0,0,phish
greatergrace.org,16,1,0,0,0,0,0,0,phish
cooperation-helps-verivication.zz.mu,36,2,0,0,0,2,0,0,phish
shshsyyy.esy.es,15,2,0,0,0,0,0,0,phish
wp.amsicms.com,14,2,0,0,0,0,0,0,phish
soyuz-media.tv,14,1,0,0,0,1,0,0,phish
khansports.net,14,1,0,0,0,0,0,0,phish
boxgoogle.comshare-viewasapdaily.rhcloud.com,44,3,0,0,0,1,0,0,phish
masterbrasiltamviagens.com,26,1,0,0,0,0,0,0,phish
1.aqa.rs,8,2,0,1,0,0,0,0,phish
905099a00b53f5a7488aaad7e7ec2272adc3a966.google.comdrive.com,60,3,0,25,0,0,0,0,phish
my-smartphone.it,16,1,0,0,0,1,0,0,phish
sandbox1.zenthegroup.com,24,2,0,1,0,0,0,0,phish
festzentrum.de,14,1,0,0,0,0,0,0,phish
bitly.com,9,1,0,0,0,0,0,0,phish
pictureitsoldfl.com,19,1,0,0,0,0,0,0,phish
video.dojospor.com,18,2,0,0,0,0,0,0,phish
id-xxcncvb-rvtrer.com,21,1,0,0,0,2,0,0,phish
176.67.168.135,14,3,0,11,0,0,0,0,phish
izmiredakayaci.net,18,1,0,0,0,0,0,0,phish
walmart.com-10-05-2015.vendasolinebr.com.br,43,4,0,8,0,3,0,0,phish
comprasolinelink.com.br,23,2,0,0,0,0,0,0,phish
185.51.214.141,14,3,0,11,0,0,0,0,phish
fotosvilag.hu,13,1,0,0,0,0,0,0,phish
elink.justfab.com,17,2,0,0,0,0,0,0,phish
rohsbelgesi.com,15,1,0,0,0,0,0,0,phish
sd-uae.com,10,1,0,0,0,1,0,0,phish
faaceboikkss.com,16,1,0,0,0,0,0,0,phish
facceeibuikszz.com,18,1,0,0,0,0,0,0,phish
faceeibbook.com,15,1,0,0,0,0,0,0,phish
jkvids.com,10,1,0,0,0,0,0,0,phish
facebokooks.com,15,1,0,0,0,0,0,0,phish
fbomgs.com,10,1,0,0,0,0,0,0,phish
fbjks.com,9,1,0,0,0,0,0,0,phish
vidsfry.com,11,1,0,0,0,0,0,0,phish
faceizibooksz.com,17,1,0,0,0,0,0,0,phish
hootsuiteauth.16mb.com,22,2,0,2,0,0,0,0,phish
202.137.171.151,15,3,0,12,0,0,0,0,phish
wllsfago.com,12,1,0,0,0,0,0,0,phish
sukienfacebook.comapp.com,25,2,0,0,0,0,0,0,phish
pontoviagemitau.comcard.com,27,2,0,0,0,0,0,0,phish
reeisa.com.mx,13,2,0,0,0,0,0,0,phish
hangsat.com.br,14,2,0,0,0,0,0,0,phish
espras.org,10,1,0,0,0,0,0,0,phish
mintkitchen.in,14,1,0,0,0,0,0,0,phish
bwdapparel.co.uk,16,2,0,0,0,0,0,0,phish
doganlarins.com,15,1,0,0,0,0,0,0,phish
novoks.com,10,1,0,0,0,0,0,0,phish
jacquelineabboud.com,20,1,0,0,0,0,0,0,phish
unionporordes.com,17,1,0,0,0,0,0,0,phish
skskii.esy.es,13,2,0,0,0,0,0,0,phish
ukni.ru,7,1,0,0,0,0,0,0,phish
d9876.i27.cdsoft-irl.net,24,3,0,6,0,1,0,0,phish
equipamientototal.cl,20,1,0,0,0,0,0,0,phish
cftsys.com,10,1,0,0,0,0,0,0,phish
radhakrishnaplywood.com,23,1,0,0,0,0,0,0,phish
youthoutreachnetwork.org,24,1,0,0,0,0,0,0,phish
energetska-izkaznica.dreamhosters.com,37,2,0,0,0,1,0,0,phish
deltaepsilonfoundation.org,26,1,0,0,0,0,0,0,phish
br-celular.twomini.com,22,2,0,0,0,1,0,0,phish
br-cliente-2015.boxy.us,23,2,0,4,0,2,0,0,phish
fotogirl.ca,11,1,0,0,0,0,0,0,phish
antreya.com,11,1,0,0,0,0,0,0,phish
craigsslist.us,14,1,0,0,0,0,0,0,phish
primeraquilpue.cl,17,1,0,0,0,0,0,0,phish
w2fcursos.com.br,16,2,0,1,0,0,0,0,phish
lovencolliet.net,16,1,0,0,0,0,0,0,phish
etransfer-confirmation.net.tf,29,2,0,0,0,1,0,0,phish
officetie.com,13,1,0,0,0,0,0,0,phish
mangobaygrenada.com,19,1,0,0,0,0,0,0,phish
hnng.moe,8,1,0,0,0,0,0,0,phish
google.comemail.wapka.mobi,26,3,0,0,0,0,0,0,phish
magiclove.co,12,1,0,0,0,0,0,0,phish
spijkersenspijkers.nl,21,1,0,0,0,0,0,0,phish
mediapole-production.fr,23,1,0,0,0,1,0,0,phish
newmsg13-idc12.com,18,1,0,4,0,1,0,0,phish
aliciatheamazon.com,19,1,0,0,0,0,0,0,phish
doc2015zaza.com,15,1,0,4,0,0,0,0,phish
7minuteworkoutx7.com,20,1,0,2,0,0,0,0,phish
id-u88544421578.site44.com,26,2,0,13,0,1,0,0,phish
loading-change.site44.com,25,2,0,2,0,1,0,0,phish
toolmanperu.com,15,1,0,0,0,0,0,0,phish
artemusgroupusa.com,19,1,0,0,0,0,0,0,phish
tirfadegem.com,14,1,0,0,0,0,0,0,phish
ydysad.com,10,1,0,0,0,0,0,0,phish
users.verification.nextstep-eg.com,34,3,0,0,0,1,0,0,phish
davidrodriguezcreative.com,26,1,0,0,0,0,0,0,phish
pescando.cl,11,1,0,0,0,0,0,0,phish
tmfmedia.co.uk,14,2,0,0,0,0,0,0,phish
jstreetgroup.com,16,1,0,0,0,0,0,0,phish
inc.pay.pol.upda.te.center.secur.e.huesstudio.sg,48,9,0,0,0,0,0,0,phish
adiosdiabetes.info,18,1,0,0,0,0,0,0,phish
ytubipk.com,11,1,0,0,0,0,0,0,phish
loadingcname.site44.com,23,2,0,2,0,0,0,0,phish
webolics.com,12,1,0,0,0,0,0,0,phish
peypal.update.info.0112154581010101010101012401010101.craftyunicorn.com,71,5,0,34,0,0,0,0,phish
lookup.ceq.com.br,17,3,0,0,0,0,0,0,phish
verificacaoitau.com.net,23,2,0,0,0,0,0,0,phish
p3plcpnl0300.prod.phx3.secureserver.net,39,4,0,6,0,0,0,0,phish
ritaceveb.com,13,1,0,0,0,0,0,0,phish
sichere-umleitung.com,21,1,0,0,0,1,0,0,phish
tgasdshda.3x.ro,15,2,0,1,0,0,0,0,phish
bradygunn.com,13,1,0,0,0,0,0,0,phish
elamouri.com,12,1,0,0,0,0,0,0,phish
hansalim-daegu.org,18,1,0,0,0,1,0,0,phish
4lgeri.com,10,1,0,1,0,0,0,0,phish
secure-3d.net,13,1,0,1,0,1,0,0,phish
192.254.236.92,14,3,0,11,0,0,0,0,phish
makkiconstructions.com.au,25,2,0,0,0,0,0,0,phish
kdf-television.tv,17,1,0,0,0,1,0,0,phish
woodworkingwithhandtools.net,28,1,0,0,0,0,0,0,phish
morethanarace.org,17,1,0,0,0,0,0,0,phish
newsnowdigest.com,17,1,0,0,0,0,0,0,phish
192.185.35.79,13,3,0,10,0,0,0,0,phish
facebook.comside.wapka.mobi,27,3,0,0,0,0,0,0,phish
vipfbid.wapka.mobi,18,2,0,0,0,0,0,0,phish
gedungc3.com,12,1,0,1,0,0,0,0,phish
e2p.it,6,1,0,1,0,0,0,0,phish
opes.ae,7,1,0,0,0,0,0,0,phish
guvenlifatura.com,17,1,0,0,0,0,0,0,phish
cscom.fr,8,1,0,0,0,0,0,0,phish
suramericanadeturismo.com,25,1,0,0,0,0,0,0,phish
whitesundresses.org,19,1,0,0,0,0,0,0,phish
buildersdesignnetwork.org,25,1,0,0,0,0,0,0,phish
mezarkabristanisleri.com,24,1,0,0,0,0,0,0,phish
kentours.co.ke,14,2,0,0,0,0,0,0,phish
updatemail.rus.tl,17,2,0,0,0,0,0,0,phish
naebalamuccgu.webzdarma.cz,26,2,0,0,0,0,0,0,phish
gumtree-bmw-x6-3.0.msgserver.com,32,3,0,3,0,3,0,0,phish
parkim.com.tr,13,2,0,0,0,0,0,0,phish
art-culture-france.com,22,1,0,0,0,2,0,0,phish
biozoo.com.mx,13,2,0,0,0,0,0,0,phish
bit.ly,6,1,0,0,0,0,0,0,phish
chela.es,8,1,0,0,0,0,0,0,phish
fundacioncicarbe.es,19,1,0,0,0,0,0,0,phish
redriverfurniture.com,21,1,0,0,0,0,0,0,phish
livingstonefellowship.co.za,27,2,0,0,0,0,0,0,phish
lokoleonadinho.xpg.uol.com.br,29,4,0,0,0,0,0,0,phish
showerselector.co.uk,20,2,0,0,0,0,0,0,phish
maxfavourssafaris.com,21,1,0,0,0,0,0,0,phish
constructoraromero.cl,21,1,0,0,0,0,0,0,phish
blog.ashfordschool.co.uk,24,3,0,0,0,0,0,0,phish
foryourleisure.ca,17,1,0,0,0,0,0,0,phish
tilesforatenner.co.uk,21,2,0,0,0,0,0,0,phish
asiaoppo.com,12,1,0,0,0,0,0,0,phish
login-secure-system.vineinnovation.com,38,2,0,0,0,2,0,0,phish
a.collective-media.net,22,2,0,0,0,1,0,0,phish
baidudaxue.org,14,1,0,0,0,0,0,0,phish
generate.sindcar.org,20,2,0,0,0,0,0,0,phish
paypal.com-secure.halnt.de,26,3,0,0,0,1,0,0,phish
stedeehappy.com,15,1,0,0,0,0,0,0,phish
wopsempresarial.com.br,22,2,0,0,0,0,0,0,phish
number7widowsmite.org,21,1,0,1,0,0,0,0,phish
jin.vn,6,1,0,0,0,0,0,0,phish
stayatoasis.com,15,1,0,0,0,0,0,0,phish
cencocal.cl,11,1,0,0,0,0,0,0,phish
buzzmygoat.com,14,1,0,0,0,0,0,0,phish
wundermandc.com,15,1,0,0,0,0,0,0,phish
gplusadder.com,14,1,0,0,0,0,0,0,phish
metrovisitor.com,16,1,0,0,0,0,0,0,phish
tamaz.ga,8,1,0,0,0,0,0,0,phish
202.126.100.150,15,3,0,12,0,0,0,0,phish
debbiebright.co.za,18,2,0,0,0,0,0,0,phish
sewaalatancatering.com,22,1,0,0,0,0,0,0,phish
redcorn-de.net,14,1,0,0,0,1,0,0,phish
set-box.pl,10,1,0,0,0,1,0,0,phish
guarusite.com.br,16,2,0,0,0,0,0,0,phish
emails-apple.com.com,20,2,0,0,0,1,0,0,phish
odblokuj-aliegro.80.pl,22,2,0,2,0,1,0,0,phish
up-windows.in,13,1,0,0,0,1,0,0,phish
absolutepropertyagents.com,26,1,0,0,0,0,0,0,phish
av-group.in,11,1,0,0,0,1,0,0,phish
stanislaw.lublin.pl,19,2,0,0,0,0,0,0,phish
62.76.5.152,11,3,0,8,0,0,0,0,phish
itgpro.ru,9,1,0,0,0,0,0,0,phish
nettechn.com,12,1,0,0,0,0,0,0,phish
surreydietitians.co.uk,22,2,0,0,0,0,0,0,phish
katarzyna-pogocka.pl,20,1,0,0,0,1,0,0,phish
church.moscowis.bget.ru,23,3,0,0,0,0,0,0,phish
begrenset-konto.ga,18,1,0,0,0,1,0,0,phish
mindhypnoband.co.uk,19,2,0,0,0,0,0,0,phish
activator.looksites.com.br,26,3,0,0,0,0,0,0,phish
ladiescircle.fr,15,1,0,0,0,0,0,0,phish
mercadeoen.com,14,1,0,0,0,0,0,0,phish
tz-slatina.hr,13,1,0,0,0,1,0,0,phish
veronicafriend.co.uk,20,2,0,0,0,0,0,0,phish
shaety.com,10,1,0,0,0,0,0,0,phish
veronicafriend.co.uk,20,2,0,0,0,0,0,0,phish
ltdtryforum.netne.net,21,2,0,0,0,0,0,0,phish
00048kz.rcomhost.com,20,2,0,5,0,0,0,0,phish
jodilipper.com,14,1,0,0,0,0,0,0,phish
filrox.com.tw,13,2,0,0,0,0,0,0,phish
nicholasmccarthy.co.uk,22,2,0,0,0,0,0,0,phish
surrriinee.besaba.com,21,2,0,0,0,0,0,0,phish
isisinternational.co.uk,23,2,0,0,0,0,0,0,phish
shop.yanshi.b2b.cn,18,3,0,1,0,0,0,0,phish
futuretech2u.com,16,1,0,1,0,0,0,0,phish
hotelrockcrystalgabiccemare.it,30,1,0,0,0,0,0,0,phish
confirmation-identity.about.ma,30,2,0,0,0,1,0,0,phish
imagegroup.ws,13,1,0,0,0,0,0,0,phish
thrive-therapy.org,18,1,0,0,0,1,0,0,phish
lagevrette.be,13,1,0,0,0,0,0,0,phish
verification-identity.mx.ma,27,2,0,0,0,1,0,0,phish
opelkotsanidis.gr,17,1,0,0,0,0,0,0,phish
larklogistics.kz,16,1,0,0,0,0,0,0,phish
power-generator.jp,18,1,0,0,0,1,0,0,phish
ebay.lp2.zalinco.com,20,3,0,1,0,0,0,0,phish
javfree.jp,10,1,0,0,0,0,0,0,phish
sms-icloud.com,14,1,0,0,0,1,0,0,phish
a1laketahoevacationrentals.com,30,1,0,1,0,0,0,0,phish
roadrunnernest.com,18,1,0,0,0,0,0,0,phish
nlnh.org,8,1,0,0,0,0,0,0,phish
advancingav.com,15,1,0,0,0,0,0,0,phish
ferrulway.by,12,1,0,0,0,0,0,0,phish
mqmcn.com,9,1,0,0,0,0,0,0,phish
bollabags-shop.com,18,1,0,0,0,1,0,0,phish
sdhvranov.cz,12,1,0,0,0,0,0,0,phish
aadi.org.in,11,2,0,0,0,0,0,0,phish
123.242.163.1,13,3,0,10,0,0,0,0,phish
gmaheroes.cn,12,1,0,0,0,0,0,0,phish
distrefange.com,15,1,0,0,0,0,0,0,phish
ebay.com-motors-category-listing86928364.besaba.com,51,3,0,8,0,3,0,0,phish
tamhangplaza.vn,15,1,0,0,0,0,0,0,phish
guatemalaexpo.com,17,1,0,0,0,0,0,0,phish
smallup.noticiastotal.com,25,2,0,0,0,0,0,0,phish
youmobil.noticiastotal.com,26,2,0,0,0,0,0,0,phish
opw.noticiastotal.com,21,2,0,0,0,0,0,0,phish
holaspot.com,12,1,0,0,0,0,0,0,phish
sestraconsulting.com,20,1,0,0,0,0,0,0,phish
antropologiafisica.cl,21,1,0,0,0,0,0,0,phish
eboso.iriswebinfotech.com,25,2,0,0,0,0,0,0,phish
facebook.commedia.noticiastotal.com,35,3,0,0,0,0,0,0,phish
facebook.com.com.noticiastotal.com,34,4,0,0,0,0,0,0,phish
jwx.noticiastotal.com,21,2,0,0,0,0,0,0,phish
facebook.com.com.do.noticiastotal.com,37,5,0,0,0,0,0,0,phish
recovery.co.uk-page-site.zz.mu,30,4,0,0,0,2,0,0,phish
cooperativehabitation.coop,26,1,0,0,0,0,0,0,phish
bluga.com.ar,12,2,0,0,0,0,0,0,phish
fix-max.com,11,1,0,0,0,1,0,0,phish
svilmm.ru,9,1,0,0,0,0,0,0,phish
christmasgiftshelf.co.uk,24,2,0,0,0,0,0,0,phish
meemee.in,9,1,0,0,0,0,0,0,phish
svierge-pp.wz.cz,16,2,0,0,0,1,0,0,phish
global-print.com.ua,19,2,0,0,0,1,0,0,phish
inxsdepaypal.compaypal.com.com,30,3,0,0,0,0,0,0,phish
praphutthabat.go.th,19,2,0,0,0,0,0,0,phish
activated-paypal.com-cash.com,29,2,0,0,0,2,0,0,phish
isu.edu.ph,10,2,0,0,0,0,0,0,phish
heavymetalpanic.com,19,1,0,0,0,0,0,0,phish
sesamestreet.xp3.biz,20,2,0,1,0,0,0,0,phish
salut.science,13,1,0,0,0,0,0,0,phish
naturemost.it,13,1,0,0,0,0,0,0,phish
punteeproducts.ie,17,1,0,0,0,0,0,0,phish
c-inc.net.au,12,2,0,0,0,1,0,0,phish
letsb.co.ukuild.in,18,3,0,0,0,0,0,0,phish
damcoaching.com,15,1,0,0,0,0,0,0,phish
islaquinchao.cl,15,1,0,0,0,0,0,0,phish
quransharif.org,15,1,0,0,0,0,0,0,phish
1-855-867-5844-hotmail.comtechnicalsupport.weebly.com,53,3,0,11,0,4,0,0,phish
testwebsc.v-info.info,21,2,0,0,0,1,0,0,phish
conto-limitato.ga,17,1,0,0,0,1,0,0,phish
mr-x-music.com,14,1,0,0,0,2,0,0,phish
richardsonelectrical.co.uk,26,2,0,0,0,0,0,0,phish
istanbulstories.net,19,1,0,0,0,0,0,0,phish
sms-vn3y5td678-rvtrder.com,26,1,0,5,0,2,0,0,phish
bayservices.org,15,1,0,0,0,0,0,0,phish
mobile.paypal.com.com.us-url.com,32,5,0,0,0,1,0,0,phish
odcectrapani.it,15,1,0,0,0,0,0,0,phish
augalop.lu,10,1,0,0,0,0,0,0,phish
segacr.com,10,1,0,0,0,0,0,0,phish
kolarchives.com,15,1,0,0,0,0,0,0,phish
singlesyoga.com,15,1,0,0,0,0,0,0,phish
comunicaretlc.it,16,1,0,0,0,0,0,0,phish
wealth-fiber.com.tw,19,2,0,0,0,1,0,0,phish
bi3ochriw.com,13,1,0,1,0,0,0,0,phish
me2.eng.chula.ac.th,19,4,0,1,0,0,0,0,phish
rechargeviafb.0fees.us,22,2,0,1,0,0,0,0,phish
offshoremerchantaccount.co,26,1,0,0,0,0,0,0,phish
dichvulecuoi.com,16,1,0,0,0,0,0,0,phish
alianzaandestropicales.org,26,1,0,0,0,0,0,0,phish
tiny.cc,7,1,0,0,0,0,0,0,phish
billurhaliyikama.com,20,1,0,0,0,0,0,0,phish
kaabenterprises.com,19,1,0,0,0,0,0,0,phish
coeur-d-artichaut.com,21,1,0,0,0,2,0,0,phish
enigmaconsulting.com,20,1,0,0,0,0,0,0,phish
108.167.188.235,15,3,0,12,0,0,0,0,phish
cupcakebrown.com,16,1,0,0,0,0,0,0,phish
alianzaandestropicales.org,26,1,0,0,0,0,0,0,phish
zac.or.tz,9,2,0,0,0,0,0,0,phish
namphatvq.com,13,1,0,0,0,0,0,0,phish
security-paypa.com.partyplay.mx,31,3,0,0,0,1,0,0,phish
nkdmaritime.co.uk,17,2,0,0,0,0,0,0,phish
mybrokerservices.com.au,23,2,0,0,0,0,0,0,phish
amfrwanda.org,13,1,0,0,0,0,0,0,phish
innovatemyschool.com,20,1,0,0,0,0,0,0,phish
ow.ly,5,1,0,0,0,0,0,0,phish
o-poisson.fr,12,1,0,0,0,1,0,0,phish
pimdea.com,10,1,0,0,0,0,0,0,phish
confluenceartgroup.com,22,1,0,0,0,0,0,0,phish
telepedia.net,13,1,0,0,0,0,0,0,phish
r.bi.d.mailin.fr,16,4,0,0,0,0,0,0,phish
cofi.si,7,1,0,0,0,0,0,0,phish
missuenosrestaurant.com,23,1,0,0,0,0,0,0,phish
ccdsitel.mx,11,1,0,0,0,0,0,0,phish
orientalsecrets.co.il,21,2,0,0,0,0,0,0,phish
baclays.com,11,1,0,0,0,0,0,0,phish
tanos.com,9,1,0,0,0,0,0,0,phish
ibn-tufail.com,14,1,0,0,0,1,0,0,phish
serviciodecorreo214.tripod.com,30,2,0,3,0,0,0,0,phish
kastoadministraties.nl,22,1,0,0,0,0,0,0,phish
w.rsu4.kz,9,2,0,1,0,0,0,0,phish
fallimenti.it,13,1,0,0,0,0,0,0,phish
paypal.comlid.com,17,2,0,0,0,0,0,0,phish
1327922178-paypal.com.de-verification.xyz,41,3,0,10,0,2,0,0,phish
blocextension.com,17,1,0,0,0,0,0,0,phish
publineon.com,13,1,0,0,0,0,0,0,phish
perfectionbody.com,18,1,0,0,0,0,0,0,phish
diaa.casp.gov.eg,16,3,0,0,0,0,0,0,phish
shvily.com,10,1,0,0,0,0,0,0,phish
colourfulcontainersdevon.biz,28,1,0,0,0,0,0,0,phish
blurayportalen.no,17,1,0,0,0,0,0,0,phish
roshanpackages.com.pk,21,2,0,0,0,0,0,0,phish
fntdr.org,9,1,0,0,0,0,0,0,phish
upel.va.it,10,2,0,0,0,0,0,0,phish
s14061.vh.co.ru,15,3,0,5,0,0,0,0,phish
msfilman2.appspot.com,21,2,0,1,0,0,0,0,phish
spilll.net,10,1,0,0,0,0,0,0,phish
genesisinternational.org,24,1,0,0,0,0,0,0,phish
webvaidegovisa.com2015.besaba.com,33,3,0,4,0,0,0,0,phish
67.18.105.90,12,3,0,9,0,0,0,0,phish
balisunsetvilla.com,19,1,0,0,0,0,0,0,phish
gueldenstern-online.de,22,1,0,0,0,1,0,0,phish
dhfengshui.com,14,1,0,0,0,0,0,0,phish
paypal.com.com.0.sessionid182182182.usiadproje.com,50,6,0,10,0,0,0,0,phish
geabortoterapeutico.org.ni,26,2,0,0,0,0,0,0,phish
vivantis.es,11,1,0,0,0,0,0,0,phish
bit.ly,6,1,0,0,0,0,0,0,phish
lawncaremn.net,14,1,0,0,0,0,0,0,phish
ranasis.pt,10,1,0,0,0,0,0,0,phish
genximperial.es,15,1,0,0,0,0,0,0,phish
transportestejeda.com,21,1,0,0,0,0,0,0,phish
pgi.ir,6,1,0,0,0,0,0,0,phish
asiansil.org,12,1,0,0,0,0,0,0,phish
acugraphmalta.com,17,1,0,0,0,0,0,0,phish
apostolicfaith.org.uk,21,2,0,0,0,0,0,0,phish
katiekellyfineart.com,21,1,0,0,0,0,0,0,phish
bodaciouspig.com,16,1,0,0,0,0,0,0,phish
213.246.154.237,15,3,0,12,0,0,0,0,phish
cgi.ebay.co.uk-itm18252738053-css.ebay-others.session13id-r9341cgi484241bin10e7-50053363195.login-wpadmin.buyitnow.sign.config.overview-vieitemid.cgi-csh.de,156,12,0,37,0,8,0,0,phish
grupomemorial-rj.com.br,23,2,0,0,0,1,0,0,phish
abogadosgranadospalacios.com,28,1,0,0,0,0,0,0,phish
lomtl.com,9,1,0,0,0,0,0,0,phish
gumtree.com.20320434.camera,27,3,0,8,0,0,0,0,phish
cwbl.eshopcomp.com,18,2,0,0,0,0,0,0,phish
webfiddle.net,13,1,0,0,0,0,0,0,phish
sarkanykard.hu,14,1,0,0,0,0,0,0,phish
hmlphotography.net.au,21,2,0,0,0,0,0,0,phish
visionaryglassarts.com,22,1,0,0,0,0,0,0,phish
jayuzumi.com,12,1,0,0,0,0,0,0,phish
foxpointprg.com,15,1,0,0,0,0,0,0,phish
home.comcast.net,16,2,0,0,0,0,0,0,phish
su.org.my,9,2,0,0,0,0,0,0,phish
1002440269-paypal.com.de-securing.xyz,37,3,0,10,0,2,0,0,phish
reciperant.com,14,1,0,0,0,0,0,0,phish
getverified.150m.com,20,2,0,3,0,0,0,0,phish
irallcpartners.com,18,1,0,0,0,0,0,0,phish
paypal.comsec.ws,16,2,0,0,0,0,0,0,phish
ihponline.co.uk,15,2,0,0,0,0,0,0,phish
skeyeworks.sg,13,1,0,0,0,0,0,0,phish
eurozont.ru,11,1,0,0,0,0,0,0,phish
psicologia.upbbga.edu.co,24,3,0,0,0,0,0,0,phish
amplifiedautomotive.com.au,26,2,0,0,0,0,0,0,phish
unlimitedhacks.com,18,1,0,0,0,0,0,0,phish
w1.xybtv.com,12,2,0,1,0,0,0,0,phish
client-protection-online.com,28,1,0,0,0,2,0,0,phish
hacervideosprofesionales.com,28,1,0,0,0,0,0,0,phish
asemanaagora.com.br,19,2,0,0,0,0,0,0,phish
allegro.pl.obu.pl,17,3,0,0,0,0,0,0,phish
perfecthitech.com.au,20,2,0,0,0,0,0,0,phish
chevr041.wix.com,16,2,0,3,0,0,0,0,phish
jobtardis.co.uk,15,2,0,0,0,0,0,0,phish
proyectoandrea.fundacionhuilohuilo.com,38,2,0,0,0,0,0,0,phish
ethliterary.com,15,1,0,0,0,0,0,0,phish
elyage.com,10,1,0,0,0,0,0,0,phish
secure-account-pp.com,21,1,0,0,0,2,0,0,phish
odontoplanespecialidades.com.br,31,2,0,0,0,0,0,0,phish
sosyalmedyatik.net,18,1,0,0,0,0,0,0,phish
login.paypal.com.com.eu.sign-in.5621gftb515edzmi852.0022.diferenthsolucoes.com.br,81,10,0,14,0,1,0,0,phish
spaceboxdesign.com,18,1,0,0,0,0,0,0,phish
ebay.itm.cgi5.info,18,3,0,1,0,0,0,0,phish
strada.cz,9,1,0,0,0,0,0,0,phish
clubdepoesia.com,16,1,0,0,0,0,0,0,phish
aguabel.be,10,1,0,0,0,0,0,0,phish
e-numizmatyczny.pl,18,1,0,0,0,1,0,0,phish
andorre.net,11,1,0,0,0,0,0,0,phish
ow.ly,5,1,0,0,0,0,0,0,phish
ebay.com-motors-item7297479.besaba.com,38,3,0,7,0,2,0,0,phish
update.paypal.com.account.verify.cmd.4453454345.account.limited.resolve.upgrade.info.kittitiantaxiandtours.com,110,13,0,10,0,0,0,0,phish
visitmypic.wapka.mobi,21,2,0,0,0,0,0,0,phish
proyectoandrea.fundacionhuilohuilo.com,38,2,0,0,0,0,0,0,phish
gmile.com.br,12,2,0,0,0,0,0,0,phish
216.228.182.101,15,3,0,12,0,0,0,0,phish
coullier.com,12,1,0,0,0,0,0,0,phish
ethliterary.com,15,1,0,0,0,0,0,0,phish
azofco.com,10,1,0,0,0,0,0,0,phish
besttransvestites.com,21,1,0,0,0,0,0,0,phish
jaydallmann.com,15,1,0,0,0,0,0,0,phish
warsvet.net,11,1,0,0,0,0,0,0,phish
warsvet.net,11,1,0,0,0,0,0,0,phish
marketframeresearch.com,23,1,0,0,0,0,0,0,phish
1295460335-paypal.com.de-securing.xyz,37,3,0,10,0,2,0,0,phish
banner37.ru,11,1,0,2,0,0,0,0,phish
lhahost.com,11,1,0,0,0,0,0,0,phish
amigosconver.queplaneas.com,27,2,0,0,0,0,0,0,phish
funyonline.com,14,1,0,0,0,0,0,0,phish
108.167.189.38,14,3,0,11,0,0,0,0,phish
forms.aweber.com,16,2,0,0,0,0,0,0,phish
stroit-magazin.ru,17,1,0,0,0,1,0,0,phish
ebay.co.uk-listing-redirect.f497u.biz,37,4,0,3,0,2,0,0,phish
webmailhd.wix.com,17,2,0,0,0,0,0,0,phish
ycx-kz.ru,9,1,0,0,0,1,0,0,phish
account-suspend-verify.paypal.coml-services.com,47,3,0,0,0,3,0,0,phish
sibpharma.ru,12,1,0,0,0,0,0,0,phish
apple.com-isupport.com,22,2,0,0,0,1,0,0,phish
mastercraftdesigngroup.com,26,1,0,0,0,0,0,0,phish
paypal.com.verification.confirm-your-account.com,48,4,0,0,0,2,0,0,phish
buzurl.com,10,1,0,0,0,0,0,0,phish
firebeatz.rocks,15,1,0,0,0,0,0,0,phish
hendersoninvestorgroup.com,26,1,0,0,0,0,0,0,phish
bartekbitner.pl,15,1,0,0,0,0,0,0,phish
hmonghotties.com,16,1,0,0,0,0,0,0,phish
ecofruct.eu,11,1,0,0,0,0,0,0,phish
cbsa-passaros.com.br,20,2,0,0,0,1,0,0,phish
maadawy-ceramic.com,19,1,0,0,0,1,0,0,phish
lesassisesdelajeunesse.com,26,1,0,0,0,0,0,0,phish
isaactelevision.tv,18,1,0,0,0,0,0,0,phish
pocztaupdateccenter.jimdo.com,29,2,0,0,0,0,0,0,phish
blackburnlife.com,17,1,0,0,0,0,0,0,phish
kc-lb.com,9,1,0,0,0,1,0,0,phish
cgi.ebay.co.uk-itm18072573193-css.ebay-others.session11id-r9761cgi498241bin10e7-50703873195.login-wpadmin.buyitnow.sign.config.overview-vieitemid.mdb-wot.de,156,12,0,37,0,8,0,0,phish
sentimentindia.com,18,1,0,0,0,0,0,0,phish
qdogt.com,9,1,0,0,0,0,0,0,phish
arrastaoband.com,16,1,0,0,0,0,0,0,phish
thomasclarklaw.com,18,1,0,0,0,0,0,0,phish
fidelidadecadastros-com-br.web105.redehost.com.br,49,4,0,3,0,2,0,0,phish
checksumm.com,13,1,0,0,0,0,0,0,phish
ncwdns.com,10,1,0,0,0,0,0,0,phish
intercambiocromos.mindsoftdev.com,33,2,0,0,0,0,0,0,phish
theknowledgeacademy.com,23,1,0,0,0,0,0,0,phish
davebcarsales.com,17,1,0,0,0,0,0,0,phish
kwstudio.com.ar,15,2,0,0,0,0,0,0,phish
cartasi.it-gtwpages-support.com,31,2,0,0,0,2,0,0,phish
baptistnorth.ru,15,1,0,0,0,0,0,0,phish
suneegrandhotel.com,19,1,0,0,0,0,0,0,phish
webdizajn-ar.com,16,1,0,0,0,1,0,0,phish
floridapremiersports.com,24,1,0,0,0,0,0,0,phish
modeinde.com,12,1,0,0,0,0,0,0,phish
registropromocoescredic.com.br,30,2,0,0,0,0,0,0,phish
bit.ly,6,1,0,0,0,0,0,0,phish
sgruwo.ch,9,1,0,0,0,0,0,0,phish
juanpensativo.fundacionhuilohuilo.com,37,2,0,0,0,0,0,0,phish
viam-advisors.com,17,1,0,0,0,1,0,0,phish
juliasrecipes.com,17,1,0,0,0,0,0,0,phish
spoonfulcafeandliving.com.au,28,2,0,0,0,0,0,0,phish
armandolio.com.ar,17,2,0,0,0,0,0,0,phish
painandglory.co.uk,18,2,0,0,0,0,0,0,phish
apps-webapps-secure-service-update-paypal.com-staff.insurancebrokersmn.com,74,3,0,0,0,6,0,0,phish
update.paypal.comlive.com.com,29,4,0,0,0,0,0,0,phish
adultsearch.com.au,18,2,0,0,0,0,0,0,phish
spotcampus.com,14,1,0,0,0,0,0,0,phish
95.30.222.17,12,3,0,9,0,0,0,0,phish
capitecbank.co.za,17,2,0,0,0,0,0,0,legitimate
zynga.com,9,1,0,0,0,0,0,0,legitimate
santander.co.uk,15,2,0,0,0,0,0,0,legitimate
facebook.com,12,1,0,0,0,0,0,0,legitimate
tesco.com,9,1,0,0,0,0,0,0,legitimate
walmart.com,11,1,0,0,0,0,0,0,legitimate
allegro.pl,10,1,0,0,0,0,0,0,legitimate
itau.com,8,1,0,0,0,0,0,0,legitimate
paypal.com,10,1,0,0,0,0,0,0,legitimate
bradesco.com.br,15,2,0,0,0,0,0,0,legitimate
google.com,10,1,0,0,0,0,0,0,legitimate
yahoo.com,9,1,0,0,0,0,0,0,legitimate
poste.it,8,1,0,0,0,0,0,0,legitimate
Amazon.com,10,1,0,0,0,0,0,0,legitimate
jpmorganchase.com,17,1,0,0,0,0,0,0,legitimate
lloydsbank.com,14,1,0,0,0,0,0,0,legitimate
apple.com,9,1,0,0,0,0,0,0,legitimate
ingdirect.com,13,1,0,0,0,0,0,0,legitimate
natwest.com,11,1,0,0,0,0,0,0,legitimate
aol.com,7,1,0,0,0,0,0,0,legitimate
cielo.com,9,1,0,0,0,0,0,0,legitimate
blizzard.com,12,1,0,0,0,0,0,0,legitimate
ebay.com,8,1,0,0,0,0,0,0,legitimate
craigslist.org,14,1,0,0,0,0,0,0,legitimate
bancobrasil.com.br,18,2,0,0,0,0,0,0,legitimate
bankofamerica.com,17,1,0,0,0,0,0,0,legitimate
hotmail.com,11,1,0,0,0,0,0,0,legitimate
microsoft.com,13,1,0,0,0,0,0,0,legitimate
store.steampowered.com,22,2,0,0,0,0,0,0,legitimate
mastercard.com,14,1,0,0,0,0,0,0,legitimate
wellsfargo.com,14,1,0,0,0,0,0,0,legitimate
deutschebank.be,15,1,0,0,0,0,0,0,legitimate
barclays.co.uk,14,2,0,0,0,0,0,0,legitimate
lacaixa.es,10,1,0,0,0,0,0,0,legitimate
aa.com,6,1,0,0,0,0,0,0,legitimate
dropbox.com,11,1,0,0,0,0,0,0,legitimate
anz.com,7,1,0,0,0,0,0,0,legitimate
vr.de,5,1,0,0,0,0,0,0,legitimate
visa.com,8,1,0,0,0,0,0,0,legitimate
orange.com,10,1,0,0,0,0,0,0,legitimate
att.com,7,1,0,0,0,0,0,0,legitimate
westpac.com.au,14,2,0,0,0,0,0,0,legitimate
irs.gov,7,1,0,0,0,0,0,0,legitimate
tsb.co.uk,9,2,0,0,0,0,0,0,legitimate
asb.co.nz,9,2,0,0,0,0,0,0,legitimate
battle.net,10,1,0,0,0,0,0,0,legitimate
westernunion.com,16,1,0,0,0,0,0,0,legitimate
vodafone.com,12,1,0,0,0,0,0,0,legitimate
swedbank.se,11,1,0,0,0,0,0,0,legitimate
live.com,8,1,0,0,0,0,0,0,legitimate
twitter.com,11,1,0,0,0,0,0,0,legitimate
online.hmrc.gov.uk,18,3,0,0,0,0,0,0,legitimate
hsbc.com,8,1,0,0,0,0,0,0,legitimate
orkut.com,9,1,0,0,0,0,0,0,legitimate
nordea.com,10,1,0,0,0,0,0,0,legitimate
sars.gov.za,11,2,0,0,0,0,0,0,legitimate
nets.eu,7,1,0,0,0,0,0,0,legitimate
"paypal.com""",11,1,0,0,0,0,0,0,legitimate
halifax.co.uk,13,2,0,0,0,0,0,0,legitimate
cibc.com,8,1,0,0,0,0,0,0,legitimate
abl.com,7,1,0,0,0,0,0,0,legitimate
cartasi.it,10,1,0,0,0,0,0,0,legitimate
PagSeguro,9,0,0,0,0,0,0,0,legitimate
online.citibank.com,19,2,0,0,0,0,0,0,legitimate
americanexpress.com,19,1,0,0,0,0,0,0,legitimate
pkobp.pl,8,1,0,0,0,0,0,0,legitimate
ebay,4,0,0,0,0,0,0,0,legitimate
rabobank.be,11,1,0,0,0,0,0,0,legitimate
tam.com.br,10,2,0,0,0,0,0,0,legitimate
rbs.com,7,1,0,0,0,0,0,0,legitimate
verizonwireless.com,19,1,0,0,0,0,0,0,legitimate
very.co.uk,10,2,0,0,0,0,0,0,legitimate
commbank.com.au,15,2,0,0,0,0,0,0,legitimate
rbcroyalbank.com,16,1,0,0,0,0,0,0,legitimate
cimbbank.com.my,15,2,0,0,0,0,0,0,legitimate
co-operativebank.co.uk,22,2,0,0,0,1,0,0,legitimate
littlewoods.com,15,1,0,0,0,0,0,0,legitimate
tibia.com,9,1,0,0,0,0,0,0,legitimate
Groupon,7,0,0,0,0,0,0,0,legitimate
nationwide.co.uk,16,2,0,0,0,0,0,0,legitimate
key.com,7,1,0,0,0,0,0,0,legitimate
standardbank.com,16,1,0,0,0,0,0,0,legitimate
sulake.com,10,1,0,0,0,0,0,0,legitimate
suncorpbank.com.au,18,2,0,0,0,0,0,0,legitimate
absa.co.za,10,2,0,0,0,0,0,0,legitimate
safra.com,9,1,0,0,0,0,0,0,legitimate
runescape.com,13,1,0,0,0,0,0,0,legitimate
hellobank.fr,12,1,0,0,0,0,0,0,legitimate
chase.com,9,1,0,0,0,0,0,0,legitimate
ing.be,6,1,0,0,0,0,0,0,legitimate
onlinebanking.tdbank.com,24,2,0,0,0,0,0,0,legitimate
bankofscotland.co.uk,20,2,0,0,0,0,0,0,legitimate
ibanking.bankofmelbourne.com.au,31,3,0,0,0,0,0,0,legitimate
online.bankaustria.at,21,2,0,0,0,0,0,0,legitimate
regions.com,11,1,0,0,0,0,0,0,legitimate
firstmerit.com,14,1,0,0,0,0,0,0,legitimate
bmcedirect.ma,13,1,0,0,0,0,0,0,legitimate
suntrust.com,12,1,0,0,0,0,0,0,legitimate
slogold.net,11,1,0,0,0,0,0,0,legitimate
bkam.ma,7,1,0,0,0,0,0,0,legitimate
attijaribank.com.tn,19,2,0,0,0,0,0,0,legitimate
bankofcanada.ca,15,1,0,0,0,0,0,0,legitimate
bendigobank.com.au,18,2,0,0,0,0,0,0,legitimate
huntington.com,14,1,0,0,0,0,0,0,legitimate
bankofthewest.com,17,1,0,0,0,0,0,0,legitimate
bank.barclays.co.uk,19,3,0,0,0,0,0,0,legitimate
365online.com,13,1,0,3,0,0,0,0,legitimate
banksa.com.au,13,2,0,0,0,0,0,0,legitimate
53.com,6,1,0,2,0,0,0,0,legitimate
prosperitybanktx.com,20,1,0,0,0,0,0,0,legitimate
umpquabank.com,14,1,0,0,0,0,0,0,legitimate
associatedbank.com,18,1,0,0,0,0,0,0,legitimate
arvest.com,10,1,0,0,0,0,0,0,legitimate
pnc.com,7,1,0,0,0,0,0,0,legitimate
mtb.com,7,1,0,0,0,0,0,0,legitimate
ally.com,8,1,0,0,0,0,0,0,legitimate
bankislam.biz,13,1,0,0,0,0,0,0,legitimate
easternbank.com,15,1,0,0,0,0,0,0,legitimate
worldbank.org,13,1,0,0,0,0,0,0,legitimate
keytradebank.be,15,1,0,0,0,0,0,0,legitimate
bankmillennium.pl,17,1,0,0,0,0,0,0,legitimate
umb.com,7,1,0,0,0,0,0,0,legitimate
communitybankna.com,19,1,0,0,0,0,0,0,legitimate
unionbank.com,13,1,0,0,0,0,0,0,legitimate
discover.com,12,1,0,0,0,0,0,0,legitimate
columbiabank.com,16,1,0,0,0,0,0,0,legitimate
icicibank.com,13,1,0,0,0,0,0,0,legitimate
corpretail.com,14,1,0,0,0,0,0,0,legitimate
bannerbank.com,14,1,0,0,0,0,0,0,legitimate
zionsbank.com,13,1,0,0,0,0,0,0,legitimate
bankassociates.de,17,1,0,0,0,0,0,0,legitimate
db.com,6,1,0,0,0,0,0,0,legitimate
standardbank.co.za,18,2,0,0,0,0,0,0,legitimate
greatwesternbank.com,20,1,0,0,0,0,0,0,legitimate
tcfbank.com,11,1,0,0,0,0,0,0,legitimate
bmo.com,7,1,0,0,0,0,0,0,legitimate
nbtbank.com,11,1,0,0,0,0,0,0,legitimate
hdfcbank.com,12,1,0,0,0,0,0,0,legitimate
tsbbank.co.nz,13,2,0,0,0,0,0,0,legitimate
berkshirebank.com,17,1,0,0,0,0,0,0,legitimate
bankofengland.co.uk,19,2,0,0,0,0,0,0,legitimate
anz.co.nz,9,2,0,0,0,0,0,0,legitimate
mebank.com.au,13,2,0,0,0,0,0,0,legitimate
digital.ulsterbank.ie,21,2,0,0,0,0,0,0,legitimate
stgeorge.com.au,15,2,0,0,0,0,0,0,legitimate
royalbank.com,13,1,0,0,0,0,0,0,legitimate
hellobank.be,12,1,0,0,0,0,0,0,legitimate
peoples.com,11,1,0,0,0,0,0,0,legitimate
bankofmaldives.com.mv,21,2,0,0,0,0,0,0,legitimate
metrobankonline.co.uk,21,2,0,0,0,0,0,0,legitimate
bmoharris.com,13,1,0,0,0,0,0,0,legitimate
ybonline.co.uk,14,2,0,0,0,0,0,0,legitimate
woodforest.com,14,1,0,0,0,0,0,0,legitimate
liberty-bank.com,16,1,0,0,0,1,0,0,legitimate
albaridbank.ma,14,1,0,0,0,0,0,0,legitimate
pbebank.com,11,1,0,0,0,0,0,0,legitimate
bank.az,7,1,0,0,0,0,0,0,legitimate
firstnational.com,17,1,0,0,0,0,0,0,legitimate
bankatunion.com,15,1,0,0,0,0,0,0,legitimate
lesechos.fr,11,1,0,0,0,0,0,0,legitimate
bbcnbank.com,12,1,0,0,0,0,0,0,legitimate
firstinterstatebank.com,23,1,0,0,0,0,0,0,legitimate
northwestsavingsbank.com,24,1,0,0,0,0,0,0,legitimate
wordreference.com,17,1,0,0,0,0,0,0,legitimate
frostbank.com,13,1,0,0,0,0,0,0,legitimate
greatsouthernbank.com,21,1,0,0,0,0,0,0,legitimate
bankofireland.com,17,1,0,0,0,0,0,0,legitimate
digital.ulsterbank.co.uk,24,3,0,0,0,0,0,0,legitimate
heritagebankwaonline2.com,25,1,0,1,0,0,0,0,legitimate
first-online.com,16,1,0,0,0,1,0,0,legitimate
research.fdic.gov,17,2,0,0,0,0,0,0,legitimate
triodos.co.uk,13,2,0,0,0,0,0,0,legitimate
midfirst.com,12,1,0,0,0,0,0,0,legitimate
firstcitizens.com,17,1,0,0,0,0,0,0,legitimate
bankofcyprus.com,16,1,0,0,0,0,0,0,legitimate
oldnational.com,15,1,0,0,0,0,0,0,legitimate
firsttennessee.com,18,1,0,0,0,0,0,0,legitimate
bank-of-algeria.dz,18,1,0,0,0,2,0,0,legitimate
hkbea.com,9,1,0,0,0,0,0,0,legitimate
tdcanadatrust.com,17,1,0,0,0,0,0,0,legitimate
firstniagara.com,16,1,0,0,0,0,0,0,legitimate
bremer.com,10,1,0,0,0,0,0,0,legitimate
cbonline.co.uk,14,2,0,0,0,0,0,0,legitimate
beyondbank.com.au,17,2,0,0,0,0,0,0,legitimate
pinnbank.com,12,1,0,0,0,0,0,0,legitimate
tcbk.com,8,1,0,0,0,0,0,0,legitimate
rbc.com,7,1,0,0,0,0,0,0,legitimate
trustcobank.com,15,1,0,0,0,0,0,0,legitimate
bb.org.bd,9,2,0,0,0,0,0,0,legitimate
yesbank.in,10,1,0,0,0,0,0,0,legitimate
talmerbank.com,14,1,0,0,0,0,0,0,legitimate
axisbank.com,12,1,0,0,0,0,0,0,legitimate
nab.com.au,10,2,0,0,0,0,0,0,legitimate
personal.natwest.com,20,2,0,0,0,0,0,0,legitimate
fhb.com,7,1,0,0,0,0,0,0,legitimate
firstrepublic.com,17,1,0,0,0,0,0,0,legitimate
grameen-info.org,16,1,0,0,0,1,0,0,legitimate
boh.com,7,1,0,0,0,0,0,0,legitimate
flagstar.com,12,1,0,0,0,0,0,0,legitimate
boq.com.au,10,2,0,0,0,0,0,0,legitimate
calbanktrust.com,16,1,0,0,0,0,0,0,legitimate
cbc-bank.com,12,1,0,0,0,1,0,0,legitimate
hlb.com.my,10,2,0,0,0,0,0,0,legitimate
charitybank.org,15,1,0,0,0,0,0,0,legitimate
ccbg.com,8,1,0,0,0,0,0,0,legitimate
heritage.com.au,15,2,0,0,0,0,0,0,legitimate
bank-of-africa.net,18,1,0,0,0,2,0,0,legitimate
fultonbank.com,14,1,0,0,0,0,0,0,legitimate
banif.com.mt,12,2,0,0,0,0,0,0,legitimate
retail.onlinesbi.com,20,2,0,0,0,0,0,0,legitimate
bankofindia.co.in,17,2,0,0,0,0,0,0,legitimate
iberiabank.com,14,1,0,0,0,0,0,0,legitimate
thebeneficial.com,17,1,0,0,0,0,0,0,legitimate
kiwibank.co.nz,14,2,0,0,0,0,0,0,legitimate
bankofoklahoma.com,18,1,0,0,0,0,0,0,legitimate
scotiabank.com,14,1,0,0,0,0,0,0,legitimate
capitalbankhaiti.biz,20,1,0,0,0,0,0,0,legitimate
eastwestbank.com,16,1,0,0,0,0,0,0,legitimate
belfius.be,10,1,0,0,0,0,0,0,legitimate
bov.com,7,1,0,0,0,0,0,0,legitimate
busey.com,9,1,0,0,0,0,0,0,legitimate
wilshirebank.com,16,1,0,0,0,0,0,0,legitimate
josbank.com,11,1,0,0,0,0,0,0,legitimate
bankatfirst.com,15,1,0,0,0,0,0,0,legitimate
exchangebank.com,16,1,0,0,0,0,0,0,legitimate
svb.com,7,1,0,0,0,0,0,0,legitimate
manulifebank.ca,15,1,0,0,0,0,0,0,legitimate
newresourcebank.com,19,1,0,0,0,0,0,0,legitimate
bis.org,7,1,0,0,0,0,0,0,legitimate
tescobank.com,13,1,0,0,0,0,0,0,legitimate
cimbclicks.com.my,17,2,0,0,0,0,0,0,legitimate
botc.com,8,1,0,0,0,0,0,0,legitimate
tangerine.ca,12,1,0,0,0,0,0,0,legitimate
adelaidebank.com.au,19,2,0,0,0,0,0,0,legitimate
dollarbank.com,14,1,0,0,0,0,0,0,legitimate
syndicatebank.in,16,1,0,0,0,0,0,0,legitimate
nicoletbank.com,15,1,0,0,0,0,0,0,legitimate
atlabank.com,12,1,0,0,0,0,0,0,legitimate
bankwithunited.com,18,1,0,0,0,0,0,0,legitimate
sainsburysbank.co.uk,20,2,0,0,0,0,0,0,legitimate
valleynationalbank.com,22,1,0,0,0,0,0,0,legitimate
danskebank.co.uk,16,2,0,0,0,0,0,0,legitimate
mymetrobank.com,15,1,0,0,0,0,0,0,legitimate
capitalone.com,14,1,0,0,0,0,0,0,legitimate
providentnj.com,15,1,0,0,0,0,0,0,legitimate
localfirstbank.com,18,1,0,0,0,0,0,0,legitimate
parknationalbank.com,20,1,0,0,0,0,0,0,legitimate
bankmutual.com,14,1,0,0,0,0,0,0,legitimate
centralbank.net,15,1,0,0,0,0,0,0,legitimate
alrajhibank.com.sa,18,2,0,0,0,0,0,0,legitimate
FabFurnish.com ,15,1,0,0,0,0,0,0,legitimate
Ezoneonline.in,14,1,0,0,0,0,0,0,legitimate
Fashionara.com,14,1,0,0,0,0,0,0,legitimate
Firstcry.com,12,1,0,0,0,0,0,0,legitimate
Babyoye.com,11,1,0,0,0,0,0,0,legitimate
Koovs.com ,10,1,0,0,0,0,0,0,legitimate
CromaRetail.com,15,1,0,0,0,0,0,0,legitimate
Fashionandyou.com ,18,1,0,0,0,0,0,0,legitimate
ShoppersStop.com ,17,1,0,0,0,0,0,0,legitimate
Grabmore.in ,12,1,0,0,0,0,0,0,legitimate
igp.com,7,1,0,0,0,0,0,0,legitimate
shopnineteen.com,16,1,0,0,0,0,0,0,legitimate
Ninecolours.com,15,1,0,0,0,0,0,0,legitimate
D2hshop.com,11,1,0,1,0,0,0,0,legitimate
bagittoday.com,14,1,0,0,0,0,0,0,legitimate
zovi.com,8,1,0,0,0,0,0,0,legitimate
elitify.com,11,1,0,0,0,0,0,0,legitimate
shopify.com,11,1,0,0,0,0,0,0,legitimate
junglee.com,11,1,0,0,0,0,0,0,legitimate
mairabazaar.com,15,1,0,0,0,0,0,0,legitimate
dontmissoffers.com,18,1,0,0,0,0,0,0,legitimate
suklo.com,9,1,0,0,0,0,0,0,legitimate
choice4u.in,11,1,0,1,0,0,0,0,legitimate
FancyTarget.com,15,1,0,0,0,0,0,0,legitimate
crazzybazaar.com,16,1,0,0,0,0,0,0,legitimate
shliftop.com,12,1,0,0,0,0,0,0,legitimate
ibmart.biz,10,1,0,0,0,0,0,0,legitimate
groupnpay.com,13,1,0,0,0,0,0,0,legitimate
voylla.com,10,1,0,0,0,0,0,0,legitimate
govasool.com,12,1,0,0,0,0,0,0,legitimate
AromaShop.in ,13,1,0,0,0,0,0,0,legitimate
trendymela.com,14,1,0,0,0,0,0,0,legitimate
mydearcakes.com,15,1,0,0,0,0,0,0,legitimate
rsdeal.in,9,1,0,0,0,0,0,0,legitimate
indiakabazar.com,16,1,0,0,0,0,0,0,legitimate
raginishop.com,14,1,0,0,0,0,0,0,legitimate
FabQue.com,10,1,0,0,0,0,0,0,legitimate
sitessimply.com,15,1,0,0,0,0,0,0,legitimate
adeptcraft.com,14,1,0,0,0,0,0,0,legitimate
shop.seventymm.com,18,2,0,0,0,0,0,0,legitimate
track.in.omgpm.com,18,3,0,0,0,0,0,0,legitimate
dealzdada.com,13,1,0,0,0,0,0,0,legitimate
stylishbazaar.com,17,1,0,0,0,0,0,0,legitimate
fashiza.com ,12,1,0,0,0,0,0,0,legitimate
ncrsabkuch.com,14,1,0,0,0,0,0,0,legitimate
knoked.com,10,1,0,0,0,0,0,0,legitimate
infibeam.com,12,1,0,0,0,0,0,0,legitimate
jewelsify.com,13,1,0,0,0,0,0,0,legitimate
addsharesale.com,16,1,0,0,0,0,0,0,legitimate
utsavsaree.in,13,1,0,0,0,0,0,0,legitimate
pavitraa.in,11,1,0,0,0,0,0,0,legitimate
myntra.com,10,1,0,0,0,0,0,0,legitimate
shimply.com,11,1,0,0,0,0,0,0,legitimate
dimeindia.com ,14,1,0,0,0,0,0,0,legitimate
sharrate.com,12,1,0,0,0,0,0,0,legitimate
indianzari.com,14,1,0,0,0,0,0,0,legitimate
vedeal.in ,10,1,0,0,0,0,0,0,legitimate
CRAZORA.COM,11,1,0,0,0,0,0,0,legitimate
seedhamaal.com,14,1,0,0,0,0,0,0,legitimate
indiamystyle.com,16,1,0,0,0,0,0,0,legitimate
salvend.com ,12,1,0,0,0,0,0,0,legitimate
keralanaturals.com,18,1,0,0,0,0,0,0,legitimate
nitraha.com,11,1,0,0,0,0,0,0,legitimate
brandjv.com,11,1,0,0,0,0,0,0,legitimate
ticknbuy.com,12,1,0,0,0,0,0,0,legitimate
eyevilla.com,12,1,0,0,0,0,0,0,legitimate
diapers4baby.com,16,1,0,1,0,0,0,0,legitimate
chemistonline.in ,17,1,0,0,0,0,0,0,legitimate
soyng.com ,10,1,0,0,0,0,0,0,legitimate
luxeindulge.com,15,1,0,0,0,0,0,0,legitimate
bazaardelight.com,17,1,0,0,0,0,0,0,legitimate
origami.co,10,1,0,0,0,0,0,0,legitimate
sumally.com,11,1,0,0,0,0,0,0,legitimate
iqon.jp,7,1,0,0,0,0,0,0,legitimate
museco.jp,9,1,0,0,0,0,0,0,legitimate
locondo.jp,10,1,0,0,0,0,0,0,legitimate
mercari.com,11,1,0,0,0,0,0,0,legitimate
monoco.jp,9,1,0,0,0,0,0,0,legitimate
ohmyglasses.jp,14,1,0,0,0,0,0,0,legitimate
zozo.jp,7,1,0,0,0,0,0,0,legitimate
fril.jp,7,1,0,0,0,0,0,0,legitimate
aucfan.com,10,1,0,0,0,0,0,0,legitimate
qoo10.sg,8,1,0,2,0,0,0,0,legitimate
carousell.com,13,1,0,0,0,0,0,0,legitimate
lazada.sg,9,1,0,0,0,0,0,0,legitimate
zalora.sg,9,1,0,0,0,0,0,0,legitimate
redmart.com,11,1,0,0,0,0,0,0,legitimate
rakuten.com.sg,14,2,0,0,0,0,0,0,legitimate
shopback.sg,11,1,0,0,0,0,0,0,legitimate
reebonz.com.sg,14,2,0,0,0,0,0,0,legitimate
hipvan.com,10,1,0,0,0,0,0,0,legitimate
honestbee.com,13,1,0,0,0,0,0,0,legitimate
luxola.com,10,1,0,0,0,0,0,0,legitimate
smoochthelabel.com,18,1,0,0,0,0,0,0,legitimate
megafash.com,12,1,0,0,0,0,0,0,legitimate
fortytwo.sg,11,1,0,0,0,0,0,0,legitimate
lovebonito.com,14,1,0,0,0,0,0,0,legitimate
cottontee.asia,14,1,0,0,0,0,0,0,legitimate
kilobite.sg,11,1,0,0,0,0,0,0,legitimate
thestatementbyber.com,21,1,0,0,0,0,0,0,legitimate
milpure.com,11,1,0,0,0,0,0,0,legitimate
sixfive.com.sg,14,2,0,0,0,0,0,0,legitimate
getsetgo.sg,11,1,0,0,0,0,0,0,legitimate
uber.com,8,1,0,0,0,0,0,0,legitimate
foodpanda.sg,12,1,0,0,0,0,0,0,legitimate
tripzilla.sg,12,1,0,0,0,0,0,0,legitimate
trivago.sg,10,1,0,0,0,0,0,0,legitimate
zalando.co.uk,13,2,0,0,0,0,0,0,legitimate
farfetch.com,12,1,0,0,0,0,0,0,legitimate
spartoo.co.uk,13,2,0,0,0,0,0,0,legitimate
vinted.com,10,1,0,0,0,0,0,0,legitimate
fr.vestiairecollective.com,26,2,0,0,0,0,0,0,legitimate
lyst.com,8,1,0,0,0,0,0,0,legitimate
navabi.tv,9,1,0,0,0,0,0,0,legitimate
miinto.com,10,1,0,0,0,0,0,0,legitimate
nuji.com,8,1,0,0,0,0,0,0,legitimate
shwrm.com,9,1,0,0,0,0,0,0,legitimate
videdressing.us,15,1,0,0,0,0,0,0,legitimate
girlmeetsdress.com,18,1,0,0,0,0,0,0,legitimate
monshowroom.com,15,1,0,0,0,0,0,0,legitimate
secretsales.com,15,1,0,0,0,0,0,0,legitimate
dymant.com,10,1,0,0,0,0,0,0,legitimate
rad.co,6,1,0,0,0,0,0,0,legitimate
mallzee.com,11,1,0,0,0,0,0,0,legitimate
stylect.com,11,1,0,0,0,0,0,0,legitimate
thechapar.com,13,1,0,0,0,0,0,0,legitimate
chic-by-choice.com,18,1,0,0,0,2,0,0,legitimate
thread.com,10,1,0,0,0,0,0,0,legitimate
en.carnetdemode.com,19,2,0,0,0,0,0,0,legitimate
stylight.com,12,1,0,0,0,0,0,0,legitimate
wheretoget.it,13,1,0,0,0,0,0,0,legitimate
chicisimo.com,13,1,0,0,0,0,0,0,legitimate
amazon.co.uk,12,2,0,0,0,0,0,0,legitimate
argos.co.uk,11,2,0,0,0,0,0,0,legitimate
play.com,8,1,0,0,0,0,0,0,legitimate
thecloakroom.nl,15,1,0,0,0,0,0,0,legitimate
jabong.com,10,1,0,0,0,0,0,0,legitimate
Flipkart.com,12,1,0,0,0,0,0,0,legitimate
Snapdeal.com,12,1,0,0,0,0,0,0,legitimate
HomeShop18.com,14,1,0,2,0,0,0,0,legitimate
Shopbychoice.com,16,1,0,0,0,0,0,0,legitimate
Yuvastyle.com,13,1,0,0,0,0,0,0,legitimate
OptrixStore.com,15,1,0,0,0,0,0,0,legitimate
Buyereshops.com,15,1,0,0,0,0,0,0,legitimate
Amazon.in,9,1,0,0,0,0,0,0,legitimate
Johnsonanjohnson.com,20,1,0,0,0,0,0,0,legitimate
crateandbarrel.com,18,1,0,0,0,0,0,0,legitimate
store.symantec.com,18,2,0,0,0,0,0,0,legitimate
autozone.com,12,1,0,0,0,0,0,0,legitimate
usautoparts.net,15,1,0,0,0,0,0,0,legitimate
cabelas.com,11,1,0,0,0,0,0,0,legitimate
beachbody.com,13,1,0,0,0,0,0,0,legitimate
ae.com,6,1,0,0,0,0,0,0,legitimate
sears.com,9,1,0,0,0,0,0,0,legitimate
northerntool.com,16,1,0,0,0,0,0,0,legitimate
lowes.com,9,1,0,0,0,0,0,0,legitimate
cafepress.com,13,1,0,0,0,0,0,0,legitimate
1800contacts.com,16,1,0,4,0,0,0,0,legitimate
homedepot.com,13,1,0,0,0,0,0,0,legitimate
eddiebauer.com,14,1,0,0,0,0,0,0,legitimate
shop.nordstrom.com,18,2,0,0,0,0,0,0,legitimate
victoriassecret.com,19,1,0,0,0,0,0,0,legitimate
hayneedle.com,13,1,0,0,0,0,0,0,legitimate
wayfair.com,11,1,0,0,0,0,0,0,legitimate
bluenile.com,12,1,0,0,0,0,0,0,legitimate
neimanmarcus.com,16,1,0,0,0,0,0,0,legitimate
coldwatercreek.com,18,1,0,0,0,0,0,0,legitimate
yoox.com,8,1,0,0,0,0,0,0,legitimate
amway.com,9,1,0,0,0,0,0,0,legitimate
microsoftstore.com,18,1,0,0,0,0,0,0,legitimate
buy.com,7,1,0,0,0,0,0,0,legitimate
target.com,10,1,0,0,0,0,0,0,legitimate
musiciansfriend.com,19,1,0,0,0,0,0,0,legitimate
williams-sonoma.com,19,1,0,0,0,1,0,0,legitimate
aeropostale.com,15,1,0,0,0,0,0,0,legitimate
drsfostersmith.com,18,1,0,0,0,0,0,0,legitimate
gap.com,7,1,0,0,0,0,0,0,legitimate
store.nike.com,14,2,0,0,0,0,0,0,legitimate
store.apple.com,15,2,0,0,0,0,0,0,legitimate
llbean.com,10,1,0,0,0,0,0,0,legitimate
ancestry.com,12,1,0,0,0,0,0,0,legitimate
kohls.com,9,1,0,0,0,0,0,0,legitimate
gilt.com,8,1,0,0,0,0,0,0,legitimate
jr.com,6,1,0,0,0,0,0,0,legitimate
rei.com,7,1,0,0,0,0,0,0,legitimate
shop.mlb.com,12,2,0,0,0,0,0,0,legitimate
tiffany.com,11,1,0,0,0,0,0,0,legitimate
harryanddavid.com,17,1,0,0,0,0,0,0,legitimate
disneystore.com,15,1,0,0,0,0,0,0,legitimate
ralphlauren.com,15,1,0,0,0,0,0,0,legitimate
ebags.com,9,1,0,0,0,0,0,0,legitimate
walgreens.com,13,1,0,0,0,0,0,0,legitimate
barnesandnoble.com,18,1,0,0,0,0,0,0,legitimate
toysrus.com,11,1,0,0,0,0,0,0,legitimate
anntaylor.com,13,1,0,0,0,0,0,0,legitimate
greenmountaincoffee.com,23,1,0,0,0,0,0,0,legitimate
macys.com,9,1,0,0,0,0,0,0,legitimate
nutrisystem.com,15,1,0,0,0,0,0,0,legitimate
ftd.com,7,1,0,0,0,0,0,0,legitimate
coastal.com,11,1,0,0,0,0,0,0,legitimate
crutchfield.com,15,1,0,0,0,0,0,0,legitimate
shopping.hp.com,15,2,0,0,0,0,0,0,legitimate
gamestop.com,12,1,0,0,0,0,0,0,legitimate
ruelala.com,11,1,0,0,0,0,0,0,legitimate
staples.com,11,1,0,0,0,0,0,0,legitimate
freshdirect.com,15,1,0,0,0,0,0,0,legitimate
blockbuster.com,15,1,0,0,0,0,0,0,legitimate
net-a-porter.com,16,1,0,0,0,2,0,0,legitimate
footballfanatics.com,20,1,0,0,0,0,0,0,legitimate
zones.com,9,1,0,0,0,0,0,0,legitimate
dell.com,8,1,0,0,0,0,0,0,legitimate
footlocker.com,14,1,0,0,0,0,0,0,legitimate
1800flowers.com,15,1,0,4,0,0,0,0,legitimate
cvs.com,7,1,0,0,0,0,0,0,legitimate
build.com,9,1,0,0,0,0,0,0,legitimate
jcpenney.com,12,1,0,0,0,0,0,0,legitimate
restorationhardware.com,23,1,0,0,0,0,0,0,legitimate
vitacost.com,12,1,0,0,0,0,0,0,legitimate
Amazon.com Inc.,15,2,0,0,0,0,0,0,legitimate
drugstore.com,13,1,0,0,0,0,0,0,legitimate
sephora.com,11,1,0,0,0,0,0,0,legitimate
cdw.com,7,1,0,0,0,0,0,0,legitimate
sonystyle.com,13,1,0,0,0,0,0,0,legitimate
shoebuy.com,11,1,0,0,0,0,0,0,legitimate
officedepot.com,15,1,0,0,0,0,0,0,legitimate
store.americangirl.com,22,2,0,0,0,0,0,0,legitimate
officemax.com,13,1,0,0,0,0,0,0,legitimate
1800petmeds.com,15,1,0,4,0,0,0,0,legitimate
basspro.com,11,1,0,0,0,0,0,0,legitimate
shop.scholastic.com,19,2,0,0,0,0,0,0,legitimate
diapers.com,11,1,0,0,0,0,0,0,legitimate
bestbuy.com,11,1,0,0,0,0,0,0,legitimate
overstock.com,13,1,0,0,0,0,0,0,legitimate
jcrew.com,9,1,0,0,0,0,0,0,legitimate
peapod.com,10,1,0,0,0,0,0,0,legitimate
pcconnection.com,16,1,0,0,0,0,0,0,legitimate
shop.avon.com,13,2,0,0,0,0,0,0,legitimate
pcmall.com,10,1,0,0,0,0,0,0,legitimate
talbots.com,11,1,0,0,0,0,0,0,legitimate
shop.safeway.com,16,2,0,0,0,0,0,0,legitimate
marketamerica.com,17,1,0,0,0,0,0,0,legitimate
shopnbc.com,11,1,0,0,0,0,0,0,legitimate
newegg.com,10,1,0,0,0,0,0,0,legitimate
costco.com,10,1,0,0,0,0,0,0,legitimate
grainger.com,12,1,0,0,0,0,0,0,legitimate
Shopping.rediff.com,19,2,0,0,0,0,0,0,legitimate
Yepme.com,9,1,0,0,0,0,0,0,legitimate
Nyka.com,8,1,0,0,0,0,0,0,legitimate
Shopclues.com,13,1,0,0,0,0,0,0,legitimate
Naaptol.com,11,1,0,0,0,0,0,0,legitimate
Shopping.indiatimes.com,23,2,0,0,0,0,0,0,legitimate
Pepperfry.com,13,1,0,0,0,0,0,0,legitimate
Youtube.com,11,1,0,0,0,0,0,0,legitimate
Baidu.com,9,1,0,0,0,0,0,0,legitimate
Wikipedia.org,13,1,0,0,0,0,0,0,legitimate
Qq.com,6,1,0,0,0,0,0,0,legitimate
Google.co.in,12,2,0,0,0,0,0,0,legitimate
Taobao.com,10,1,0,0,0,0,0,0,legitimate
Sina.com.cn,11,2,0,0,0,0,0,0,legitimate
Linkedin.com,12,1,0,0,0,0,0,0,legitimate
Yahoo.co.jp,11,2,0,0,0,0,0,0,legitimate
Weibo.com,9,1,0,0,0,0,0,0,legitimate
Google.co.jp,12,2,0,0,0,0,0,0,legitimate
Yandex.ru,9,1,0,0,0,0,0,0,legitimate
Bing.com,8,1,0,0,0,0,0,0,legitimate
Vk.com,6,1,0,0,0,0,0,0,legitimate
Hao123.com,10,1,0,3,0,0,0,0,legitimate
instagram.com,13,1,0,0,0,0,0,0,legitimate
Google.de,9,1,0,0,0,0,0,0,legitimate
Msn.com,7,1,0,0,0,0,0,0,legitimate
Tmall.com,9,1,0,0,0,0,0,0,legitimate
T.co,4,1,0,0,0,0,0,0,legitimate
Amazon.co.jp,12,2,0,0,0,0,0,0,legitimate
Google.co.uk,12,2,0,0,0,0,0,0,legitimate
Pinterest.com,13,1,0,0,0,0,0,0,legitimate
Mail.ru,7,1,0,0,0,0,0,0,legitimate
Wordpress.com,13,1,0,0,0,0,0,0,legitimate
Reddit.com,10,1,0,0,0,0,0,0,legitimate
Google.fr,9,1,0,0,0,0,0,0,legitimate
Ask.com,7,1,0,0,0,0,0,0,legitimate
Google.com.br,13,2,0,0,0,0,0,0,legitimate
Blogspot.com,12,1,0,0,0,0,0,0,legitimate
Onclickads.net,14,1,0,0,0,0,0,0,legitimate
Google.ru,9,1,0,0,0,0,0,0,legitimate
Tumblr.com,10,1,0,0,0,0,0,0,legitimate
Aliexpress.com,14,1,0,0,0,0,0,0,legitimate
Sohu.com,8,1,0,0,0,0,0,0,legitimate
imgur.com,9,1,0,0,0,0,0,0,legitimate
Gmw.cn,6,1,0,0,0,0,0,0,legitimate
Google.it,9,1,0,0,0,0,0,0,legitimate
Imdb.com,8,1,0,0,0,0,0,0,legitimate
Google.es,9,1,0,0,0,0,0,0,legitimate
Netflix.com,11,1,0,0,0,0,0,0,legitimate
Amazon.de,9,1,0,0,0,0,0,0,legitimate
Fc2.com,7,1,0,1,0,0,0,0,legitimate
Alibaba.com,11,1,0,0,0,0,0,0,legitimate
360.cn,6,1,0,3,0,0,0,0,legitimate
Stackoverflow.com,17,1,0,0,0,0,0,0,legitimate
Go.com,6,1,0,0,0,0,0,0,legitimate
Ok.ru,5,1,0,0,0,0,0,0,legitimate
Google.com.mx,13,2,0,0,0,0,0,0,legitimate
Google.ca,9,1,0,0,0,0,0,0,legitimate
Google.com.hk,13,2,0,0,0,0,0,0,legitimate
Tianya.cn,9,1,0,0,0,0,0,0,legitimate
Rakuten.co.jp,13,2,0,0,0,0,0,0,legitimate
Naver.com,9,1,0,0,0,0,0,0,legitimate
Diply.com,9,1,0,0,0,0,0,0,legitimate
Blogger.com,11,1,0,0,0,0,0,0,legitimate
Google.com.tr,13,2,0,0,0,0,0,0,legitimate
Xhamster.com,12,1,0,0,0,0,0,0,legitimate
Espn.go.com,11,2,0,0,0,0,0,0,legitimate
Nicovideo.jp,12,1,0,0,0,0,0,0,legitimate
Outbrain.com,12,1,0,0,0,0,0,0,legitimate
Soso.com,8,1,0,0,0,0,0,0,legitimate
Xinhuanet.com,13,1,0,0,0,0,0,0,legitimate
Google.co.id,12,2,0,0,0,0,0,0,legitimate
Cnn.com,7,1,0,0,0,0,0,0,legitimate
Googleusercontent.com,21,1,0,0,0,0,0,0,legitimate
Google.co.kr,12,2,0,0,0,0,0,0,legitimate
Github.com,10,1,0,0,0,0,0,0,legitimate
Ebay.de,7,1,0,0,0,0,0,0,legitimate
Bongacams.com,13,1,0,0,0,0,0,0,legitimate
Google.pl,9,1,0,0,0,0,0,0,legitimate
Google.com.au,13,2,0,0,0,0,0,0,legitimate
Bbc.co.uk,9,2,0,0,0,0,0,0,legitimate
Jd.com,6,1,0,0,0,0,0,0,legitimate
Pixnet.net,10,1,0,0,0,0,0,0,legitimate
Popads.net,10,1,0,0,0,0,0,0,legitimate
Kat.cr,6,1,0,0,0,0,0,0,legitimate
Tradeadexchange.com,19,1,0,0,0,0,0,0,legitimate
Adnetworkperformance.com,24,1,0,0,0,0,0,0,legitimate
Ebay.co.uk,10,2,0,0,0,0,0,0,legitimate
Sogou.com,9,1,0,0,0,0,0,0,legitimate
Adobe.com,9,1,0,0,0,0,0,0,legitimate
Dailymotion.com,15,1,0,0,0,0,0,0,legitimate
Directrev.com,13,1,0,0,0,0,0,0,legitimate
Nytimes.com,11,1,0,0,0,0,0,0,legitimate
163.com,7,1,0,3,0,0,0,0,legitimate
Wikia.com,9,1,0,0,0,0,0,0,legitimate
Alipay.com,10,1,0,0,0,0,0,0,legitimate
Livedoor.jp,11,1,0,0,0,0,0,0,legitimate
China.com,9,1,0,0,0,0,0,0,legitimate
Terraclicks.com,15,1,0,0,0,0,0,0,legitimate
Coccoc.com   ,13,1,0,0,0,0,0,0,legitimate
Indiatimes.com,14,1,0,0,0,0,0,0,legitimate
Bbc.com,7,1,0,0,0,0,0,0,legitimate
Booking.com,11,1,0,0,0,0,0,0,legitimate
Dailymail.co.uk,15,2,0,0,0,0,0,0,legitimate
Dmm.co.jp,9,2,0,0,0,0,0,0,legitimate
Google.com.sa,13,2,0,0,0,0,0,0,legitimate
Google.com.eg,13,2,0,0,0,0,0,0,legitimate
Buzzfeed.com,12,1,0,0,0,0,0,0,legitimate
China.com.cn,12,2,0,0,0,0,0,0,legitimate
Amazon.cn,9,1,0,0,0,0,0,0,legitimate
Google.com.tw,13,2,0,0,0,0,0,0,legitimate
Office.com,10,1,0,0,0,0,0,0,legitimate
Adcash.com,10,1,0,0,0,0,0,0,legitimate
Youku.com,9,1,0,0,0,0,0,0,legitimate
Uol.com.br,10,2,0,0,0,0,0,0,legitimate
Microsoftonline.com,19,1,0,0,0,0,0,0,legitimate
Google.com.ar,13,2,0,0,0,0,0,0,legitimate
Cntv.cn,7,1,0,0,0,0,0,0,legitimate
Ameblo.jp,9,1,0,0,0,0,0,0,legitimate
Amazonaws.com,13,1,0,0,0,0,0,0,legitimate
Amazon.fr,9,1,0,0,0,0,0,0,legitimate
Slideshare.net,14,1,0,0,0,0,0,0,legitimate
Daum.net,8,1,0,0,0,0,0,0,legitimate
Whatsapp.com  ,14,1,0,0,0,0,0,0,legitimate
Google.com.pk,13,2,0,0,0,0,0,0,legitimate
Blogspot.in,11,1,0,0,0,0,0,0,legitimate
Etsy.com,8,1,0,0,0,0,0,0,legitimate
Chinadaily.com.cn,17,2,0,0,0,0,0,0,legitimate
Twitch.tv ,10,1,0,0,0,0,0,0,legitimate
Globo.com   ,12,1,0,0,0,0,0,0,legitimate
Yelp.com,8,1,0,0,0,0,0,0,legitimate
Detail.tmall.com,16,2,0,0,0,0,0,0,legitimate
Theguardian.com,15,1,0,0,0,0,0,0,legitimate
Googleadservices.com,20,1,0,0,0,0,0,0,legitimate
Stackexchange.com,17,1,0,0,0,0,0,0,legitimate
Flickr.com,10,1,0,0,0,0,0,0,legitimate
Cnet.com,8,1,0,0,0,0,0,0,legitimate
Indeed.com,10,1,0,0,0,0,0,0,legitimate
Cnzz.com,8,1,0,0,0,0,0,0,legitimate
Amazon.it,9,1,0,0,0,0,0,0,legitimate
Quora.com,9,1,0,0,0,0,0,0,legitimate
Ettoday.net,11,1,0,0,0,0,0,0,legitimate
Redtube.com,11,1,0,0,0,0,0,0,legitimate
Douban.com,10,1,0,0,0,0,0,0,legitimate
Google.nl,9,1,0,0,0,0,0,0,legitimate
Forbes.com,10,1,0,0,0,0,0,0,legitimate
Weather.com,11,1,0,0,0,0,0,0,legitimate
Reimageplus.com,15,1,0,0,0,0,0,0,legitimate
Soundcloud.com,14,1,0,0,0,0,0,0,legitimate
Loading-delivery2.com,21,1,0,1,0,1,0,0,legitimate
Google.co.za,12,2,0,0,0,0,0,0,legitimate
Naver.jp,8,1,0,0,0,0,0,0,legitimate
Bp.blogspot.com,15,2,0,0,0,0,0,0,legitimate
Google.co.ve,12,2,0,0,0,0,0,0,legitimate
Vice.com,8,1,0,0,0,0,0,0,legitimate
Adf.ly,6,1,0,0,0,0,0,0,legitimate
Zillow.com,10,1,0,0,0,0,0,0,legitimate
Google.gr,9,1,0,0,0,0,0,0,legitimate
Kakaku.com,10,1,0,0,0,0,0,0,legitimate
Leboncoin.fr,12,1,0,0,0,0,0,0,legitimate
Ikea.com,8,1,0,0,0,0,0,0,legitimate
Salesforce.com,14,1,0,0,0,0,0,0,legitimate
Avito.ru,8,1,0,0,0,0,0,0,legitimate
Vimeo.com,9,1,0,0,0,0,0,0,legitimate
Godaddy.com,11,1,0,0,0,0,0,0,legitimate
Spaceshipads.com,16,1,0,0,0,0,0,0,legitimate
about.com,9,1,0,0,0,0,0,0,legitimate
Adplxmd.com,11,1,0,0,0,0,0,0,legitimate
Livejournal.com,15,1,0,0,0,0,0,0,legitimate
Tubecup.com,11,1,0,0,0,0,0,0,legitimate
Tripadvisor.com,15,1,0,0,0,0,0,0,legitimate
Nih.gov,7,1,0,0,0,0,0,0,legitimate
Doublepimp.com,14,1,0,0,0,0,0,0,legitimate
Google.com.ua,13,2,0,0,0,0,0,0,legitimate
Foxnews.com,11,1,0,0,0,0,0,0,legitimate
Gmail.com,9,1,0,0,0,0,0,0,legitimate
Deviantart.com,14,1,0,0,0,0,0,0,legitimate
Files.wordpress.com,19,2,0,0,0,0,0,0,legitimate
Washingtonpost.com,18,1,0,0,0,0,0,0,legitimate
Mozilla.org,11,1,0,0,0,0,0,0,legitimate
W3schools.com,13,1,0,1,0,0,0,0,legitimate
Wikihow.com,11,1,0,0,0,0,0,0,legitimate
Themeforest.net,15,1,0,0,0,0,0,0,legitimate
9gag.com,8,1,0,1,0,0,0,0,legitimate
Taboola.com,11,1,0,0,0,0,0,0,legitimate
Wordpress.org,13,1,0,0,0,0,0,0,legitimate
Akamaihd.net,12,1,0,0,0,0,0,0,legitimate
Google.com.co,13,2,0,0,0,0,0,0,legitimate
Google.cn,9,1,0,0,0,0,0,0,legitimate
Hclips.com,10,1,0,0,0,0,0,0,legitimate
Mediafire.com,13,1,0,0,0,0,0,0,legitimate
Onet.pl,7,1,0,0,0,0,0,0,legitimate
Comcast.net,11,1,0,0,0,0,0,0,legitimate
Gfycat.com,10,1,0,0,0,0,0,0,legitimate
Pixiv.net,9,1,0,0,0,0,0,0,legitimate
Detik.com,9,1,0,0,0,0,0,0,legitimate
Zol.com.cn,10,2,0,0,0,0,0,0,legitimate
Businessinsider.com,19,1,0,0,0,0,0,0,legitimate
Mystart.com,11,1,0,0,0,0,0,0,legitimate
Amazon.es,9,1,0,0,0,0,0,0,legitimate
Force.com,9,1,0,0,0,0,0,0,legitimate
Softonic.com,12,1,0,0,0,0,0,0,legitimate
Office365.com,13,1,0,3,0,0,0,0,legitimate
Steamcommunity.com,18,1,0,0,0,0,0,0,legitimate
Wix.com,7,1,0,0,0,0,0,0,legitimate
Secureserver.net,16,1,0,0,0,0,0,0,legitimate
Popcash.net,11,1,0,0,0,0,0,0,legitimate
51.la,5,1,0,2,0,0,0,0,legitimate
Shutterstock.com,16,1,0,0,0,0,0,0,legitimate
Usps.com,8,1,0,0,0,0,0,0,legitimate
Google.com.sg,13,2,0,0,0,0,0,0,legitimate
Archive.org,11,1,0,0,0,0,0,0,legitimate
Ups.com,7,1,0,0,0,0,0,0,legitimate
Google.ro,9,1,0,0,0,0,0,0,legitimate
Espncricinfo.com,16,1,0,0,0,0,0,0,legitimate
Wikimedia.org,13,1,0,0,0,0,0,0,legitimate
Nfl.com,7,1,0,0,0,0,0,0,legitimate
Google.se,9,1,0,0,0,0,0,0,legitimate
Doorblog.jp,11,1,0,0,0,0,0,0,legitimate
Google.com.ng,13,2,0,0,0,0,0,0,legitimate
Google.com.ph,13,2,0,0,0,0,0,0,legitimate
TeNdtv.com,10,1,0,0,0,0,0,0,legitimate
legraph.co.uk,13,2,0,0,0,0,0,0,legitimate
Nametests.com,13,1,0,0,0,0,0,0,legitimate
Web.de,6,1,0,0,0,0,0,0,legitimate
Steampowered.com,16,1,0,0,0,0,0,0,legitimate
Bilibili.com,12,1,0,0,0,0,0,0,legitimate
Weebly.com,10,1,0,0,0,0,0,0,legitimate
Skype.com,9,1,0,0,0,0,0,0,legitimate
Rambler.ru,10,1,0,0,0,0,0,0,legitimate
Ebay-kleinanzeigen.de,21,1,0,0,0,1,0,0,legitimate
Ndtv.com,8,1,0,0,0,0,0,0,legitimate
Addthis.com,11,1,0,0,0,0,0,0,legitimate
Avg.com,7,1,0,0,0,0,0,0,legitimate
Github.io,9,1,0,0,0,0,0,0,legitimate
Orange.fr,9,1,0,0,0,0,0,0,legitimate
Livejasmin.com,14,1,0,0,0,0,0,0,legitimate
Hulu.com,8,1,0,0,0,0,0,0,legitimate
Gamer.com.tw,12,2,0,0,0,0,0,0,legitimate
Groupon.com,11,1,0,0,0,0,0,0,legitimate
Gmx.net,7,1,0,0,0,0,0,0,legitimate
Speedtest.net,13,1,0,0,0,0,0,0,legitimate
Bitauto.com,11,1,0,0,0,0,0,0,legitimate
Mailchimp.com,13,1,0,0,0,0,0,0,legitimate
Ifeng.com,9,1,0,0,0,0,0,0,legitimate
Mercadolivre.com.br,19,2,0,0,0,0,0,0,legitimate
Youm7.com,9,1,0,1,0,0,0,0,legitimate
Sourceforge.net,15,1,0,0,0,0,0,0,legitimate
Huanqiu.com,11,1,0,0,0,0,0,0,legitimate
Google.at,9,1,0,0,0,0,0,0,legitimate
Xfinity.com,11,1,0,0,0,0,0,0,legitimate
Hp.com,6,1,0,0,0,0,0,0,legitimate
Xywy.com,8,1,0,0,0,0,0,0,legitimate
Webmd.com,9,1,0,0,0,0,0,0,legitimate
Ebay.in,7,1,0,0,0,0,0,0,legitimate
Google.be,9,1,0,0,0,0,0,0,legitimate
uptodown.com,12,1,0,0,0,0,0,0,legitimate
Media.tumblr.com,16,2,0,0,0,0,0,0,legitimate
Google.pt,9,1,0,0,0,0,0,0,legitimate
Fedex.com,9,1,0,0,0,0,0,0,legitimate
Xuite.net,9,1,0,0,0,0,0,0,legitimate
Tlbb8.com,9,1,0,1,0,0,0,0,legitimate
Smzdm.com,9,1,0,0,0,0,0,0,legitimate
Answers.com,11,1,0,0,0,0,0,0,legitimate
Paytm.com,9,1,0,0,0,0,0,0,legitimate
Usatoday.com,12,1,0,0,0,0,0,0,legitimate
Blogfa.com,10,1,0,0,0,0,0,0,legitimate
Wp.pl,5,1,0,0,0,0,0,0,legitimate
Stumbleupon.com,15,1,0,0,0,0,0,0,legitimate
Hootsuite.com,13,1,0,0,0,0,0,0,legitimate
goodreads.com,13,1,0,0,0,0,0,0,legitimate
T-online.de,11,1,0,0,0,1,0,0,legitimate
Blog.jp,7,1,0,0,0,0,0,0,legitimate
Bet365.com,10,1,0,3,0,0,0,0,legitimate
Mashable.com,12,1,0,0,0,0,0,0,legitimate
Google.com.pe,13,2,0,0,0,0,0,0,legitimate
Thesaurus.com,13,1,0,0,0,0,0,0,legitimate
Bloomberg.com,13,1,0,0,0,0,0,0,legitimate
Pandora.com,11,1,0,0,0,0,0,0,legitimate
Amazon.ca,9,1,0,0,0,0,0,0,legitimate
Fbcdn.net,9,1,0,0,0,0,0,0,legitimate
Seznam.cz,9,1,0,0,0,0,0,0,legitimate
Google.ae,9,1,0,0,0,0,0,0,legitimate
Spiegel.de,10,1,0,0,0,0,0,0,legitimate
Extratorrent.cc,15,1,0,0,0,0,0,0,legitimate
1688.com,8,1,0,4,0,0,0,0,legitimate
Bild.de,7,1,0,0,0,0,0,0,legitimate
Udn.com,7,1,0,0,0,0,0,0,legitimate
Putlocker.is,12,1,0,0,0,0,0,0,legitimate
Caijing.com.cn,14,2,0,0,0,0,0,0,legitimate
Spotify.com,11,1,0,0,0,0,0,0,legitimate
Gameforge.com,13,1,0,0,0,0,0,0,legitimate
Kaskus.co.id,12,2,0,0,0,0,0,0,legitimate
Dmm.com,7,1,0,0,0,0,0,0,legitimate
Google.co.th,12,2,0,0,0,0,0,0,legitimate
Wsj.com,7,1,0,0,0,0,0,0,legitimate
2ch.net,7,1,0,1,0,0,0,0,legitimate
Warmportrait.com,16,1,0,0,0,0,0,0,legitimate
Ign.com,7,1,0,0,0,0,0,0,legitimate
Google.ch,9,1,0,0,0,0,0,0,legitimate
Liveadexchanger.com,19,1,0,0,0,0,0,0,legitimate
Engadget.com,12,1,0,0,0,0,0,0,legitimate
Google.az,9,1,0,0,0,0,0,0,legitimate
Samsung.com,11,1,0,0,0,0,0,0,legitimate
Chaturbate.com,14,1,0,0,0,0,0,0,legitimate
Abs-cbnnews.com,15,1,0,0,0,1,0,0,legitimate
Rutracker.org,13,1,0,0,0,0,0,0,legitimate
Flirchi.com,11,1,0,0,0,0,0,0,legitimate
Life.com.tw,11,2,0,0,0,0,0,0,legitimate
Badoo.com,9,1,0,0,0,0,0,0,legitimate
Mega.nz,7,1,0,0,0,0,0,0,legitimate
Gsmarena.com,12,1,0,0,0,0,0,0,legitimate
Haosou.com,10,1,0,0,0,0,0,0,legitimate
Twimg.com,9,1,0,0,0,0,0,0,legitimate
Varzesh3.com,12,1,0,1,0,0,0,0,legitimate
Accuweather.com,15,1,0,0,0,0,0,0,legitimate
Onlinesbi.com,13,1,0,0,0,0,0,0,legitimate
Styletv.com.cn,14,2,0,0,0,0,0,0,legitimate
Trello.com,10,1,0,0,0,0,0,0,legitimate
Chaoshi.tmall.com,17,2,0,0,0,0,0,0,legitimate
Youth.cn,8,1,0,0,0,0,0,0,legitimate
Rediff.com,10,1,0,0,0,0,0,0,legitimate
Mama.cn,7,1,0,0,0,0,0,0,legitimate
Liputan6.com,12,1,0,1,0,0,0,0,legitimate
Google.com.bd,13,2,0,0,0,0,0,0,legitimate
Livedoor.biz,12,1,0,0,0,0,0,0,legitimate
Babytree.com,12,1,0,0,0,0,0,0,legitimate
Tistory.com,11,1,0,0,0,0,0,0,legitimate
Zendesk.com,11,1,0,0,0,0,0,0,legitimate
Milliyet.com.tr,15,2,0,0,0,0,0,0,legitimate
Adidas.tmall.com,16,2,0,0,0,0,0,0,legitimate
Icloud.com,10,1,0,0,0,0,0,0,legitimate
Google.cz,9,1,0,0,0,0,0,0,legitimate
Google.cl,9,1,0,0,0,0,0,0,legitimate
1905.com,8,1,0,4,0,0,0,0,legitimate
Watsons.tmall.com,17,2,0,0,0,0,0,0,legitimate
Reference.com,13,1,0,0,0,0,0,0,legitimate
Sberbank.ru ,12,1,0,0,0,0,0,0,legitimate
Upornia.com,11,1,0,0,0,0,0,0,legitimate
Reuters.com,11,1,0,0,0,0,0,0,legitimate
Eksisozluk.com,14,1,0,0,0,0,0,0,legitimate
Kickstarter.com,15,1,0,0,0,0,0,0,legitimate
Kouclo.com,10,1,0,0,0,0,0,0,legitimate
Ebay.it,7,1,0,0,0,0,0,0,legitimate
mydomainadvisor.com,19,1,0,0,0,0,0,0,legitimate
39.net,6,1,0,2,0,0,0,0,legitimate
Slickdeals.net,14,1,0,0,0,0,0,0,legitimate
Sahibinden.com,14,1,0,0,0,0,0,0,legitimate
Vid.me,6,1,0,0,0,0,0,0,legitimate
Tube8.com,9,1,0,1,0,0,0,0,legitimate
Impress.co.jp,13,2,0,0,0,0,0,0,legitimate
Evernote.com,12,1,0,0,0,0,0,0,legitimate
Iqiyi.com,9,1,0,0,0,0,0,0,legitimate
Liveinternet.ru,15,1,0,0,0,0,0,0,legitimate
51yes.com,9,1,0,2,0,0,0,0,legitimate
Bleacherreport.com,18,1,0,0,0,0,0,0,legitimate
Cnnic.cn,8,1,0,0,0,0,0,0,legitimate
Google.hu,9,1,0,0,0,0,0,0,legitimate
Hurriyet.com.tr,15,2,0,0,0,0,0,0,legitimate
Enet.com.cn,11,2,0,0,0,0,0,0,legitimate
infusionsoft.com,16,1,0,0,0,0,0,0,legitimate
Ijreview.com,12,1,0,0,0,0,0,0,legitimate
Oracle.com,10,1,0,0,0,0,0,0,legitimate
Baike.com,9,1,0,0,0,0,0,0,legitimate
Torrentz.eu,11,1,0,0,0,0,0,0,legitimate
Google.co.il,12,2,0,0,0,0,0,0,legitimate
Kinopoisk.ru,12,1,0,0,0,0,0,0,legitimate
Yaolan.com,10,1,0,0,0,0,0,0,legitimate
ask.fm,6,1,0,0,0,0,0,0,legitimate
Thefreedictionary.com,21,1,0,0,0,0,0,0,legitimate
Pinimg.com,10,1,0,0,0,0,0,0,legitimate
Ppomppu.co.kr,13,2,0,0,0,0,0,0,legitimate
Slack.com,9,1,0,0,0,0,0,0,legitimate
Trackingclick.net,17,1,0,0,0,0,0,0,legitimate
Mlb.com,7,1,0,0,0,0,0,0,legitimate
Likes.com,9,1,0,0,0,0,0,0,legitimate
Repubblica.it,13,1,0,0,0,0,0,0,legitimate
Scribd.com,10,1,0,0,0,0,0,0,legitimate
Youradexchange.com,18,1,0,0,0,0,0,0,legitimate
4shared.com,11,1,0,1,0,0,0,0,legitimate
Yandex.ua,9,1,0,0,0,0,0,0,legitimate
Taleo.net,9,1,0,0,0,0,0,0,legitimate
Ebay.com.au,11,2,0,0,0,0,0,0,legitimate
Libero.it,9,1,0,0,0,0,0,0,legitimate
Onedio.com,10,1,0,0,0,0,0,0,legitimate
Photobucket.com,15,1,0,0,0,0,0,0,legitimate
Lady8844.com,12,1,0,4,0,0,0,0,legitimate
list-manage.com,15,1,0,0,0,1,0,0,legitimate
Quikr.com,9,1,0,0,0,0,0,0,legitimate
Hm.com,6,1,0,0,0,0,0,0,legitimate
Ltn.com.tw,10,2,0,0,0,0,0,0,legitimate
Google.ie,9,1,0,0,0,0,0,0,legitimate
Uploaded.net,12,1,0,0,0,0,0,0,legitimate
Blogimg.jp,10,1,0,0,0,0,0,0,legitimate
Livedoor.com,12,1,0,0,0,0,0,0,legitimate
Kinogo.co,9,1,0,0,0,0,0,0,legitimate
Citi.com,8,1,0,0,0,0,0,0,legitimate
Ce.cn,5,1,0,0,0,0,0,0,legitimate
Elpais.com,10,1,0,0,0,0,0,0,legitimate
Ewt.cc,6,1,0,0,0,0,0,0,legitimate
Exoclick.com,12,1,0,0,0,0,0,0,legitimate
Meetup.com,10,1,0,0,0,0,0,0,legitimate
Retailmenot.com,15,1,0,0,0,0,0,0,legitimate
Rbc.ru,6,1,0,0,0,0,0,0,legitimate
Goal.com,8,1,0,0,0,0,0,0,legitimate
Rt.com,6,1,0,0,0,0,0,0,legitimate
Gizmodo.com,11,1,0,0,0,0,0,0,legitimate
Cbssports.com,13,1,0,0,0,0,0,0,legitimate
Plarium.com,11,1,0,0,0,0,0,0,legitimate
Buzzfil.net,11,1,0,0,0,0,0,0,legitimate
Marca.com,9,1,0,0,0,0,0,0,legitimate
Cloudfront.net,14,1,0,0,0,0,0,0,legitimate
Lifehacker.com,14,1,0,0,0,0,0,0,legitimate
Ameba.jp,8,1,0,0,0,0,0,0,legitimate
Eastday.com,11,1,0,0,0,0,0,0,legitimate
Savefrom.net,12,1,0,0,0,0,0,0,legitimate
Olx.in,6,1,0,0,0,0,0,0,legitimate
Pconline.com.cn,15,2,0,0,0,0,0,0,legitimate
Google.fi,9,1,0,0,0,0,0,0,legitimate
Nordstrom.com,13,1,0,0,0,0,0,0,legitimate
Fiverr.com,10,1,0,0,0,0,0,0,legitimate
Surveymonkey.com,16,1,0,0,0,0,0,0,legitimate
Goodgamestudios.com,19,1,0,0,0,0,0,0,legitimate
Teepr.com,9,1,0,0,0,0,0,0,legitimate
Google.dz,9,1,0,0,0,0,0,0,legitimate
Kompas.com,10,1,0,0,0,0,0,0,legitimate
Xe.com,6,1,0,0,0,0,0,0,legitimate
Neobux.com,10,1,0,0,0,0,0,0,legitimate
Disqus.com,10,1,0,0,0,0,0,0,legitimate
Naukri.com,10,1,0,0,0,0,0,0,legitimate
Free.fr,7,1,0,0,0,0,0,0,legitimate
Xda-developers.com,18,1,0,0,0,1,0,0,legitimate
Intuit.com,10,1,0,0,0,0,0,0,legitimate
Asos.com,8,1,0,0,0,0,0,0,legitimate
Torrentz.in,11,1,0,0,0,0,0,0,legitimate
Independent.co.uk,17,2,0,0,0,0,0,0,legitimate
Allrecipes.com,14,1,0,0,0,0,0,0,legitimate
4dsply.com,10,1,0,1,0,0,0,0,legitimate
Souq.com,8,1,0,0,0,0,0,0,legitimate
Mobile.de,9,1,0,0,0,0,0,0,legitimate
Ero-advertising.com,19,1,0,0,0,1,0,0,legitimate
Medium.com,10,1,0,0,0,0,0,0,legitimate
Theverge.com,12,1,0,0,0,0,0,0,legitimate
Aparat.com,10,1,0,0,0,0,0,0,legitimate
Time.com,8,1,0,0,0,0,0,0,legitimate
Autohome.com.cn,15,2,0,0,0,0,0,0,legitimate
Nyaa.se,7,1,0,0,0,0,0,0,legitimate
Chip.de,7,1,0,0,0,0,0,0,legitimate
Epweike.com,11,1,0,0,0,0,0,0,legitimate
Techcrunch.com,14,1,0,0,0,0,0,0,legitimate
Streamcloud.eu,14,1,0,0,0,0,0,0,legitimate
Tabelog.com,11,1,0,0,0,0,0,0,legitimate
Java.com,8,1,0,0,0,0,0,0,legitimate
Lenovo.com,10,1,0,0,0,0,0,0,legitimate
Nbcnews.com,11,1,0,0,0,0,0,0,legitimate
Stockstar.com,13,1,0,0,0,0,0,0,legitimate
corriere.it,11,1,0,0,0,0,0,0,legitimate
Irctc.co.in ,12,2,0,0,0,0,0,0,legitimate
stuff.co.nz,11,2,0,0,0,0,0,0,legitimate
gadgets.ndtv.com,16,2,0,0,0,0,0,0,legitimate
afr.com,7,1,0,0,0,0,0,0,legitimate
cnbc.com,8,1,0,0,0,0,0,0,legitimate
telegraph.co.uk,15,2,0,0,0,0,0,0,legitimate
guide-epargne.be,16,1,0,0,0,1,0,0,legitimate
ibank.bni.co.id,15,3,0,0,0,0,0,0,legitimate
financite.be,12,1,0,0,0,0,0,0,legitimate
global-bioenergies.com,22,1,0,0,0,1,0,0,legitimate
meteoservices.be,16,1,0,0,0,0,0,0,legitimate
affaires.lapresse.ca,20,2,0,0,0,0,0,0,legitimate
bcee.lu,7,1,0,0,0,0,0,0,legitimate
un.org,6,1,0,0,0,0,0,0,legitimate
irishtimes.com,14,1,0,0,0,0,0,0,legitimate
moneycontrol.com,16,1,0,0,0,0,0,0,legitimate
premiumtimesng.com,18,1,0,0,0,0,0,0,legitimate
bostonglobe.com,15,1,0,0,0,0,0,0,legitimate
vanguardngr.com,15,1,0,0,0,0,0,0,legitimate
latribune.fr,12,1,0,0,0,0,0,0,legitimate
wtsp.com,8,1,0,0,0,0,0,0,legitimate
theglobeandmail.com,19,1,0,0,0,0,0,0,legitimate
lefigaro.fr,11,1,0,0,0,0,0,0,legitimate
theblaze.com,12,1,0,0,0,0,0,0,legitimate
museumsportal-berlin.de,23,1,0,0,0,1,0,0,legitimate
nation.co.ke,12,2,0,0,0,0,0,0,legitimate
9news.com,9,1,0,1,0,0,0,0,legitimate
financialpost.com,17,1,0,0,0,0,0,0,legitimate
startribune.com,15,1,0,0,0,0,0,0,legitimate
jeuneafrique.com,16,1,0,0,0,0,0,0,legitimate
expressandstar.com,18,1,0,0,0,0,0,0,legitimate
ksdk.com,8,1,0,0,0,0,0,0,legitimate
letemps.ch,10,1,0,0,0,0,0,0,legitimate
fortune.com,11,1,0,0,0,0,0,0,legitimate
13newsnow.com,13,1,0,2,0,0,0,0,legitimate
lemonde.fr,10,1,0,0,0,0,0,0,legitimate
intelliresponse.com,19,1,0,0,0,0,0,0,legitimate
bankwijzer.be,13,1,0,0,0,0,0,0,legitimate
tripadvisor.fr,14,1,0,0,0,0,0,0,legitimate
challenges.fr,13,1,0,0,0,0,0,0,legitimate
jobup.ch,8,1,0,0,0,0,0,0,legitimate
viamichelin.fr,14,1,0,0,0,0,0,0,legitimate
7sur7.be,8,1,0,2,0,0,0,0,legitimate
orange-business.com,19,1,0,0,0,1,0,0,legitimate
efinancialcareers.fr,20,1,0,0,0,0,0,0,legitimate
capital.fr,10,1,0,0,0,0,0,0,legitimate
jyskebank.com,13,1,0,0,0,0,0,0,legitimate
desjardinsbank.com,18,1,0,0,0,0,0,0,legitimate
brune.de,8,1,0,0,0,0,0,0,legitimate